BookComment,BookLink,BookName,BookPrice,PressName,PublishTime,TuijianPoint,WriterMsg,paiming
1201288条评论,http://product.dangdang.com/23761145.html,人间失格（日本小说家太宰治的自传体小说）,¥21.00,作家出版社,2015-08-01,100%推荐,（日）太宰治　著，杨伟　译,1
2199588条评论,http://product.dangdang.com/25137790.html,活着（2017年新版）,¥28.00,作家出版社,2012-08-01,100%推荐,余华,2
147628条评论,http://product.dangdang.com/25308985.html,丰子恺万般滋味，都是生活,¥35.40,华中科技大学出版社,2018-09-01,100%推荐,丰子恺,3
624078条评论,http://product.dangdang.com/24175371.html,月亮与六便士（新版未删节！2018当当名著桂冠！2017豆瓣阅读桂冠,¥32.60,浙江文艺出版社,2017-01-10,100%推荐,毛姆 著，徐淳刚 译，大星文化 出品，作家榜经典文库，高更 绘,4
789902条评论,http://product.dangdang.com/23990140.html,《正面管教》修订版（家长批量购买电话 01057993010）,¥18.00,北京联合出版公司,2016-07-01,100%推荐,[美] 简·尼尔森,5
1046260条评论,http://product.dangdang.com/25252408.html,神奇校车·图画书版（全12册，新增《科学博览会》1册）,¥99.00,贵州人民出版社,2018-05-10,100%推荐,"(美)乔安娜柯尔 著 ,(美)布鲁斯·迪根 图",6
59102条评论,http://product.dangdang.com/26921715.html,人生海海（莫言盛赞！董卿、高晓松反复阅读，杨洋、李健倾力推荐,¥27.50,北京十月文艺出版社,2019-04-16,100%推荐,麦家  著 ，新经典  出品,7
521102条评论,http://product.dangdang.com/24198400.html,我喜欢生命本来的样子(周国平经典散文作品集),¥43.20,作家出版社,2017-02-01,99.8%推荐,周国平,8
206725条评论,http://product.dangdang.com/25259300.html,流浪的地球（刘慈欣著，无删节无改写，大人孩子均可阅读，此版本,¥13.00,浙江教育出版社,2018-05-01,100%推荐,刘慈欣 著，张荣梅 策划，小当当童书馆 出品,9
761748条评论,http://product.dangdang.com/23579654.html,三体：全三册 刘慈欣代表作，亚洲首部“雨果奖”获奖作品！,¥46.50,重庆出版社,2010-11-01,99.7%推荐,刘慈欣,10
1308771条评论,http://product.dangdang.com/25119332.html,东野圭吾：白夜行（2017版，易烊千玺、韩雪推荐，东野圭吾无冕之,¥41.10,南海出版公司,2017-08-09,100%推荐,[日]东野圭吾 著，新经典 出品,11
2409374条评论,http://product.dangdang.com/25238195.html,追风筝的人（2018年新版）,¥18.00,上海人民出版社,2006-05-01,100%推荐,[美]卡勒德·胡赛尼（Khaled Hosseini） 著，李继宏 译,12
2107563条评论,http://product.dangdang.com/23464478.html,东野圭吾：解忧杂货店（胡歌、王俊凯、刘昊然倾情推荐，东野圭吾,¥27.30,南海出版公司,2014-05-01,99.9%推荐,(日)东野圭吾 著，新经典 出品,13
244607条评论,http://product.dangdang.com/25180441.html,好看的皮囊千篇一律，有趣的灵魂万里挑一（老杨的猫头鹰最新作品,¥35.40,现代出版社,2017-11-11,99.9%推荐,老杨的猫头鹰,14
721981条评论,http://product.dangdang.com/23604128.html,皮囊（畅销300万册的国民读本，刘德华、李敬泽作序。繁体版面世即,¥37.80,天津人民出版社,2014-12-01,99.9%推荐,蔡崇达 著，果麦文化 出品,15
219952条评论,http://product.dangdang.com/23457691.html,养育男孩（典藏版）,¥28.80,中信出版社,2014-04-01,100%推荐,（澳）史蒂夫 比达尔夫　著，丰俊功，宋修华　译,16
83783条评论,http://product.dangdang.com/25247638.html,谈判：如何在博弈中获得更多(第四版)Everything is Negotiable,¥36.90,民主与建设出版社,2018-04-06,99.9%推荐,(英) 盖温·肯尼迪 (Gavin Kennedy),17
203090条评论,http://product.dangdang.com/25142121.html,墨菲定律,¥25.60,古吴轩出版社,2017-08-01,99.9%推荐,张文成   著，文通天下  出品,18
571974条评论,http://product.dangdang.com/24044642.html,如何说孩子才会听 怎么听孩子才肯说（全新修订版）,¥28.00,中央编译出版社,2016-09-01,100%推荐,（美）玛兹丽施　著，安燕玲　译 青豆书坊 出品,19
156841条评论,http://product.dangdang.com/25336319.html,漫长的告别（怪不得村上春树读了12遍！每每陷入困境，村上春树便,¥58.70,海南出版社,2018-08-23,99.9%推荐,雷蒙德·钱德勒 著；姚向辉 译；读客文化 出品,20
981152条评论,http://product.dangdang.com/23751637.html,浮生六记（汪涵、胡歌推荐，畅销300万册。沈复给芸娘的绝美情书）,¥30.40,天津人民出版社,2015-08-01,99.9%推荐,沈复 著 ， 张佳玮 译，果麦文化 出品,21
23031条评论,http://product.dangdang.com/26917419.html,埃及四千年（破解四千年王朝兴衰秘密的里程碑式巨作）,¥81.40,浙江文艺出版社,2019-03-01,99.9%推荐,[英]乔安·弗莱彻,22
139586条评论,http://product.dangdang.com/25223949.html,董卿：做一个有才情的女子,¥35.40,百花洲文艺出版社,2018-02-01,99.9%推荐,乔瑞玲 著，轻阅时光 出品,23
51797条评论,http://product.dangdang.com/25201182.html,苏菲的世界（软精装）八年级下册自主阅读推荐,¥48.00,作家出版社,2017-12-07,100%推荐,乔斯坦·贾德,24
1314506条评论,http://product.dangdang.com/25138856.html,马尔克斯：百年孤独（50周年纪念版）,¥41.30,南海出版公司,2017-08-01,100%推荐,加西亚·马尔克斯 著，新经典 出品,25
403555条评论,http://product.dangdang.com/24015725.html,你的善良必须有点锋芒,¥28.70,古吴轩出版社,2016-09-01,99.9%推荐,慕颜歌  著，文通天下  出品,26
190248条评论,http://product.dangdang.com/24030562.html,百年童话绘本·典藏版（全套30册）当当2018年度常青藤畅销书奖，,¥153.10,北京联合出版公司,2016-09-15,100%推荐,(美）莱曼·弗兰克·鲍姆，（德）格林兄弟，（丹）安徒生等著，张荣梅 策划，小当当童书馆 出品,27
1149130条评论,http://product.dangdang.com/25285092.html,天才在左 疯子在右(2018全新完整版),¥45.10,北京联合出版有限公司,2018-05-01,100%推荐,高铭 著，磨铁图书 出品,28
1029631条评论,http://product.dangdang.com/25298376.html,小王子（袁泉推荐，畅销350万册，作者基金会官方认证简体中文版）,¥33.80,天津人民出版社,2018-06-03,100%推荐,（法）安托万·德·圣埃克苏佩里，译者 李继宏，果麦文化 出品,29
533487条评论,http://product.dangdang.com/23445575.html,万历十五年 一本好书 腾讯视频栏目推荐,¥24.70,生活.读书.新知三联书店,2006-06-01,99.8%推荐,黄仁宇,30
322446条评论,http://product.dangdang.com/25334272.html,非暴力沟通,¥46.50,华夏出版社,2018-08-31,100%推荐,（美）马歇尔?卢森堡著   阮胤华译,31
98487条评论,http://product.dangdang.com/24516876.html,沉默的大多数（手稿珍藏版）,¥21.00,北京十月文艺出版社,2017-04-01,100%推荐,王小波 著，新经典 出品,32
699433条评论,http://product.dangdang.com/23444350.html,神奇校车·桥梁书版（全20册）,¥75.00,贵州人民出版社,2014-04-01,99.9%推荐,乔安娜柯尔　著 布鲁斯迪根 图　施芳　译,33
11659条评论,http://product.dangdang.com/26918687.html,幽微的人性,¥35.40,北京联合出版有限公司,2019-04-01,100%推荐,李玫瑾,34
667154条评论,http://product.dangdang.com/23964981.html,自在独行 贾平凹的独行世界（畅销300万册的国民精神读本，中国作,¥29.30,长江文艺出版社,2016-05-01,99.9%推荐,贾平凹 著 时代华语 出品,35
968554条评论,http://product.dangdang.com/25309905.html,半小时漫画中国史1+中国史2+中国史3+世界史（套装共4册，作者签章,¥135.70,江苏文艺出版社,2018-07-01,100%推荐,陈磊（笔名：二混子） 著；读客文化 出品,36
178961条评论,http://product.dangdang.com/25190564.html,罗生门（芥川龙之介小说集）《人间失格》作者太宰治是芥川的头号,¥26.00,时代文艺出版社,2017-12-01,100%推荐,［日］芥川龙之介 著，高慧勤 译,37
135636条评论,http://product.dangdang.com/23457690.html,养育女孩,¥28.80,中信出版社,2014-04-01,100%推荐,Steve Biddulph,38
255507条评论,http://product.dangdang.com/23878838.html,米小圈脑筋急转弯（套装共4册）,¥30.90,四川少儿出版社,2016-01-01,100%推荐,北猫,39
477963条评论,http://product.dangdang.com/24041704.html,东野圭吾：恶意（2016版，东野圭吾四大杰作之一）,¥27.30,南海出版公司,2016-11-01,100%推荐,东野圭吾 著，娄美莲 译，新经典 出品,40
471262条评论,http://product.dangdang.com/23566280.html,人性的弱点（薛之谦推荐，畅销100万册）【果麦经典】,¥30.40,天津人民出版社,2014-09-01,99.9%推荐,戴尔·卡耐基 著，陶曚 译，果麦文化 出品,41
810207条评论,http://product.dangdang.com/20039611.html,小熊和最好的爸爸（全7册）,¥17.50,贵州人民出版社,2007-11-01,99.6%推荐,（荷）阿兰德·丹姆  著，（荷）亚历克斯·沃尔夫  绘，漆仰平，爱桐  译,42
1199938条评论,http://product.dangdang.com/23694647.html,摆渡人（系列畅销千万册。如果命运是一条孤独的河流，谁会是你灵,¥31.00,百花洲文艺出版社,2015-06-01,99.9%推荐,[英]克莱儿·麦克福尔，白马时光 出品,43
110481条评论,http://product.dangdang.com/23909227.html,不吼不叫：如何平静地让孩子与父母合作,¥25.00,上海社会科学院出版社,2016-03-01,100%推荐,"[美]罗娜·雷纳 著,钟煜 译 青豆书坊 出品",44
5051条评论,http://product.dangdang.com/26772389.html,情商：一本给孩子的人生格局书,¥30.40,青岛出版社,2019-03-01,100%推荐,"顾长安 韦秀英 著,  悦读纪 出品",45
597308条评论,http://product.dangdang.com/23427436.html,写给儿童的中国历史（全14册）,¥177.50,新世界出版社,2014-04-01,99.9%推荐,陈卫平著 步印童书 出品,46
455510条评论,http://product.dangdang.com/23271503.html,断舍离,¥28.50,广西科学技术出版社,2013-07-01,99.9%推荐,(日)山下英子,47
38687条评论,http://product.dangdang.com/26516153.html,局外人（如果你在人群中感到格格不入，一定要读《局外人》 ！全新,¥38.30,江苏凤凰文艺出版社,2019-03-01,100%推荐,[法]加缪,48
522411条评论,http://product.dangdang.com/23778791.html,少年读史记（套装全5册）,¥50.00,青岛出版社,2015-09-01,99.9%推荐,张嘉骅,49
656706条评论,http://product.dangdang.com/24026269.html,所谓情商高，就是会说话,¥24.90,北京联合出版公司,2016-09-01,99.9%推荐,佐佐木圭一 著 程亮 译 时代华语 出品,50
460715条评论,http://product.dangdang.com/23716798.html,霍乱时期的爱情（2015版）  一本好书 腾讯视频栏目推荐,¥34.20,南海出版公司,2015-06-01,99.9%推荐,（哥伦）马尔克斯　 著，杨玲 译，新经典 出品,51
173459条评论,http://product.dangdang.com/25233424.html,DK幼儿百科全书——那些重要的事,¥69.00,中国大百科全书出版社,2017-07-01,100%推荐,英国DK公司,52
168893条评论,http://product.dangdang.com/23691200.html,鬼谷子—中华经典藏书（平装）,¥26.30,吉林美术出版社,2015-03-01,99.9%推荐,（战国）鬼谷子 著 ; 陈默 译注,53
213431条评论,http://product.dangdang.com/24144615.html,我不敢说，我怕被骂,¥17.40,北京联合出版公司,2016-09-01,100%推荐,文：〔荷兰〕皮姆?范?赫斯特  图：〔荷兰〕妮可?塔斯马,54
17655条评论,http://product.dangdang.com/26920352.html,简单，应对复杂世界的利器,¥41.70,北方文艺出版社,2019-03-01,99.9%推荐,姬晓安 著 六人行图书出品,55
144882条评论,http://product.dangdang.com/25284537.html,手不是用来打人的（儿童好品德系列，全5册）,¥49.50,贵州教育出版社,2018-04-01,100%推荐,（美）伊丽莎白·弗迪克等著 陈薇薇、刘宣谷译 步印童书 出品,56
444225条评论,http://product.dangdang.com/25209814.html,生活需要仪式感 （把温暖和感动带给你在乎的人）,¥31.50,山东文艺出版社,2017-12-20,99.9%推荐,李思圆 著，文通天下 出品,57
1211442条评论,http://product.dangdang.com/25284154.html,我们仨（新版）,¥15.00,生活.读书.新知三联书店,2018-06-01,100%推荐,杨绛,58
739313条评论,http://product.dangdang.com/22819334.html,围城,¥24.90,人民文学出版社,1991-02-01,100%推荐,钱钟书　著,59
88290条评论,http://product.dangdang.com/25303287.html,且听风吟（2018年新版，村上春树的处女作）,¥17.70,上海译文出版社,2018-06-01,100%推荐,[日]村上春树 著 林少华 译,60
66639条评论,http://product.dangdang.com/22790547.html,全球最美的100个地方 图说天下 国家地理,¥14.00,北京联合出版公司,2012-06-01,99.8%推荐,<图说天下.国家地理系列>编委会,61
185556条评论,http://product.dangdang.com/25246609.html,乌合之众 : 大众心理研究,¥21.80,民主与建设出版社,2018-04-06,99.9%推荐,(法) 古斯塔夫·勒庞 著，马晓佳 译,62
13788条评论,http://product.dangdang.com/25221447.html,墨菲定律,¥33.60,中国商业出版社,2018-02-02,99.8%推荐,阳知行,63
249948条评论,http://product.dangdang.com/25160766.html,许三观卖血记（新版）,¥32.00,作家出版社,2017-09-12,100%推荐,余华,64
138802条评论,http://product.dangdang.com/25208978.html,房思琪的初恋乐园,¥22.50,北京联合出版有限公司,2018-02-01,99.9%推荐,林奕含 著，磨铁图书 出品,65
220744条评论,http://product.dangdang.com/25239529.html,挪威的森林（2018年新版，村上春树的残酷青春物语，现象级的超级,¥21.80,上海译文出版社,2018-03-01,100%推荐,【日】村上春树 林少华 译,66
206722条评论,http://product.dangdang.com/25259302.html,银火箭少年科幻系列 （8册。亚洲首位“雨果奖”得主刘慈欣主编，,¥115.20,浙江教育出版社,2018-04-02,100%推荐,刘慈欣、[英]赫伯特·乔治·威尔斯、[英]玛丽·雪莱等 著，张荣梅 策划，小当当童书馆 出品,67
1122129条评论,http://product.dangdang.com/23685329.html,岛上书店（每个人的生命中，都有无比艰难的那一年，将人生变得美,¥29.80,江苏文艺出版社,2015-05-08,99.9%推荐,（美）加·泽文 Gabrielle Zevin 著；孙仲旭、李玉瑶 译；读客文化 出品,68
135837条评论,http://product.dangdang.com/23698038.html,格局 ： 思维决定出路，格局决定结局,¥9.90,江苏文艺出版社,2015-05-01,99.9%推荐,"何权峰 著,  悦读纪 出品",69
110071条评论,http://product.dangdang.com/20989573.html,三体（刘慈欣代表作，亚洲首部雨果奖获奖作品！）,¥13.30,重庆出版社,2008-01-01,99.7%推荐,刘慈欣,70
44255条评论,http://product.dangdang.com/24240336.html,丰子恺愿你一生清澈明朗,¥33.60,现代出版社,2017-03-29,100%推荐,丰子恺,71
363403条评论,http://product.dangdang.com/25126128.html,月亮和六便士（全新导读无删节详注版！ 半年创当当110000名读者五,¥22.70,时代文艺出版社,2017-09-01,100%推荐,〔英〕毛姆 著  苏福忠 译,72
110897条评论,http://product.dangdang.com/22463950.html,你就是孩子最好的玩具,¥25.10,南方出版社,2016-06-01,99.7%推荐,（美）金伯莉·布雷恩  著，夏欣茁 译,73
560403条评论,http://product.dangdang.com/23967348.html,我的第一本地理启蒙书,¥24.90,新世界出版社,2016-06-01,99.9%推荐,郑利强 段虹(绘) 步印童书 出品,74
54556条评论,http://product.dangdang.com/24196629.html,暗恋·橘生淮南（胡一天、胡冰卿主演电视剧已官宣，朱颜曼滋、赵,¥43.00,长江文艺出版社,2017-03-01,100%推荐,八月长安,75
125569条评论,http://product.dangdang.com/25307907.html,薛兆丰经济学讲义,¥66.60,中信出版社,2018-07-01,99.9%推荐,薛兆丰,76
393839条评论,http://product.dangdang.com/23715237.html,人间词话（近代极富盛名的词话著作，集编、校、释、评于一体，赏,¥23.80,北京联合出版公司,2015-06-01,99.9%推荐,王国维　著,77
353620条评论,http://product.dangdang.com/25154687.html,富爸爸穷爸爸（20周年修订版）（团购，请致电400-106-6666转6）,¥45.50,四川人民出版社,2017-09-30,100%推荐,【美】罗伯特·清崎,78
386609条评论,http://product.dangdang.com/23718322.html,无声告白（我们终此一生，就是要摆脱他人的期待，找到真正的自己,¥29.80,江苏文艺出版社,2016-09-01,99.9%推荐,（美）伍绮诗 著，孙璐 译；读客文化 出品,79
474748条评论,http://product.dangdang.com/20971873.html,瓦尔登湖(珍藏本) 朗读者朗读书目,¥20.20,中国三峡出版社,2010-12-01,99.6%推荐,（美）梭罗,80
57031条评论,http://product.dangdang.com/23717136.html,傲慢与偏见 世界名著典藏,¥15.60,中央编译出版社,2015-04-01,100%推荐,（英） 奥斯丁　著，罗良功　译,81
199276条评论,http://product.dangdang.com/22745425.html,四五快读 全彩图升级版——幼儿快速识字阅读法（全8册）(让孩子爱,¥211.40,湖南科技出版社,2012-02-01,99.9%推荐,杨其铎　著,82
317274条评论,http://product.dangdang.com/25072421.html,外婆的道歉信（马思纯领读书目，人民日报、央视推荐。年度口碑爆,¥39.90,天津人民出版社,2017-05-01,99.9%推荐,[瑞典]弗雷德里克·巴克曼，译者 孟汇一，果麦文化 出品,83
215010条评论,http://product.dangdang.com/25092039.html,活着（精装版，余华代表作，易烊千玺推荐阅读版本）,¥26.20,北京十月文艺出版社,2017-06-01,100%推荐,余华 著，新经典 出品,84
289064条评论,http://product.dangdang.com/25124059.html,好妈妈胜过好老师（700万册纪念版）,¥49.00,作家出版社,2017-08-08,100%推荐,尹建莉,85
122237条评论,http://product.dangdang.com/25236263.html,如何培养孩子的社会能力,¥20.70,北京联合出版有限公司,2018-02-01,100%推荐,[美] 默娜·B.舒尔博士，[美] 特里萨·弗伊·迪吉若尼莫 著；张雪兰 译,86
583843条评论,http://product.dangdang.com/23808035.html,这就是二十四节气（中国二十四节气彩绘版，文津图书奖获奖绘本，,¥50.00,海豚出版社,2015-09-01,99.9%推荐,高春香，邵敏 著，许明振，李婧 绘,87
685160条评论,http://product.dangdang.com/23490646.html,东野圭吾：嫌疑人X的献身（王凯、张鲁一推荐，至为纯粹的爱情，绝,¥27.60,南海出版公司,2014-06-01,100%推荐,东野圭吾 著，刘子倩 译，新经典 出品,88
30488条评论,http://product.dangdang.com/26513887.html,读懂孩子的心：樊登2019年新书.,¥30.80,中国友谊出版公司,2019-03-01,100%推荐,樊登,89
252241条评论,http://product.dangdang.com/25279755.html,杀死一只知更鸟（纪念版）,¥25.10,译林出版社,2018-03-01,100%推荐,"哈珀.李 著,",90
101543条评论,http://product.dangdang.com/25278075.html,观山海  “百鬼画师”杉泽绝美诠释山海经,¥126.00,湖南文艺出版社,2018-06-01,99.9%推荐,"杉泽 著,博集天卷 出品",91
603898条评论,http://product.dangdang.com/23257828.html,不一样的卡梅拉手绘本（1-12册）,¥54.60,２１世纪出版社,2013-06-01,99.9%推荐,"（法）克利斯提昂 约里波瓦著郑迪蔚译 ,（法）克利斯提昂 艾利施绘",92
36378条评论,http://product.dangdang.com/25338790.html,神奇的逻辑思维游戏书,¥21.90,北京日报出版社（原同心出版社）,2018-10-01,100%推荐,【日】索尼国际教育公司 著，阳光博客 出品,93
236055条评论,http://product.dangdang.com/23976685.html,米小圈漫画成语（套装共4册）,¥35.70,四川少儿出版社,2016-05-01,100%推荐,北猫,94
488540条评论,http://product.dangdang.com/25288851.html,你坏（大冰作品。一年销量突破280万册。用《你坏》向你说声：你好,¥26.60,湖南文艺出版社,2018-06-11,100%推荐,"大冰 著,博集天卷 出品",95
169253条评论,http://product.dangdang.com/25261327.html,米小圈上学记一年级（套装共4册）,¥50.00,四川少儿出版社,2018-04-01,100%推荐,北猫,96
349915条评论,http://product.dangdang.com/25314250.html,第七天（2018版）,¥23.70,新星出版社,2018-08-01,100%推荐,余华,97
487660条评论,http://product.dangdang.com/25174289.html,自控力（畅销300万册纪念版！斯坦福大学广受欢迎的心理学课程！从,¥40.80,文化发展出版社,2017-10-31,100%推荐,（美）凯利?麦格尼格尔 著，磨铁图书 出品,98
95977条评论,http://product.dangdang.com/24203014.html,愿你，归来仍是少年（林清玄启悟人生系列）,¥19.70,长江文艺出版社,2017-03-15,100%推荐,林清玄,99
49088条评论,http://product.dangdang.com/26909220.html,东野圭吾：毕业（《恶意》系列开篇之作）,¥28.70,南海出版公司,2019-03-01,100%推荐,（日）东野圭吾  著 ，新经典  出品,100
128505条评论,http://product.dangdang.com/23793108.html,PET  P.E.T.父母效能训练:让亲子沟通如此高效而简单,¥33.60,中国发展出版社,2015-09-01,100%推荐,（美）戈登　著，琼林　译,101
27427条评论,http://product.dangdang.com/23562339.html,人性的弱点（权威译本）,¥19.90,吉林美术出版社,2014-09-01,99.8%推荐,（美）卡耐基　著，田冬　译,102
359162条评论,http://product.dangdang.com/25295369.html,云边有个小卖部,¥23.10,湖南文艺出版社,2018-07-01,100%推荐,"张嘉佳 著,博集天卷 出品",103
225610条评论,http://product.dangdang.com/24242914.html,三毛全集02：撒哈拉的故事（1-9年级必读书单）,¥24.20,北京十月文艺出版社,2017-04-01,100%推荐,三毛 著，新经典 出品,104
186653条评论,http://product.dangdang.com/23932960.html,阿米巴经营——畅销十周年纪念版，当当全国独家（团购，请致电40,¥27.30,中国大百科全书出版社,2016-03-01,99.9%推荐,[日]稻盛和夫 著，曹岫云 译,105
124236条评论,http://product.dangdang.com/25261323.html,米小圈上学记二年级（套装共4册）,¥50.00,四川少儿出版社,2018-04-01,100%推荐,北猫,106
156727条评论,http://product.dangdang.com/21086025.html,我喜欢自己,¥13.90,河北教育出版社,2011-05-01,100%推荐,（美）卡尔森　著，余治莹　译,107
92278条评论,http://product.dangdang.com/23998793.html,九型人格 : 职场高品质沟通的艺术,¥35.80,北京联合出版公司,2016-07-01,99.9%推荐,（美）海伦·帕尔默　著,108
149139条评论,http://product.dangdang.com/25154615.html,放学后（东野圭吾成名作）,¥35.50,南海出版公司,2017-09-01,100%推荐,〔日〕东野圭吾 著，新经典 出品,109
122919条评论,http://product.dangdang.com/24017532.html,夏目友人帐,¥26.30,百花洲文艺出版社,2016-09-01,99.8%推荐,（日）村井贞之著，廖雯雯译，酷威文化 出品,110
114382条评论,http://product.dangdang.com/25126131.html,一个陌生女人的来信（茨威格中短篇小说选，豆瓣9.4高评分译作，德,¥16.70,时代文艺出版社,2017-09-01,100%推荐,〔奥〕斯蒂芬·茨威格 著  高中甫 韩耀成 译,111
173400条评论,http://product.dangdang.com/23946177.html,我们的身体,¥69.00,未来出版社,2012-06-01,99.9%推荐,[法]艾德兰  文，[法]巴尔博里尼  绘，荣信教育  出品,112
86482条评论,http://product.dangdang.com/25124418.html,愿你历尽千帆，归来仍是少年,¥32.20,光明日报出版社,2017-08-31,99.9%推荐,曾锴   著，文通天下  出品,113
12437条评论,http://product.dangdang.com/26916193.html,能力陷阱（樊登读书创始人樊登博士特别推荐图书）,¥43.60,北京联合出版有限公司,2019-04-01,100%推荐,（美）埃米尼亚·伊贝拉 著 王臻 译 时代华语 出品,114
149341条评论,http://product.dangdang.com/9214898.html,厚黑学(李宗吾著),¥25.20,群言出版社,2006-09-01,99.6%推荐,李宗吾 著，新华先锋 出品,115
1018321条评论,http://product.dangdang.com/25272786.html,窗边的小豆豆(2018版),¥29.60,南海出版公司,2018-05-01,100%推荐,（日）黑柳彻子， 爱心树童书  出品,116
295821条评论,http://product.dangdang.com/102771.html,红楼梦原著版（上、下册）（全两册）（1-9年级必读书单）,¥59.70,人民文学出版社,2013-01-01,99.7%推荐,曹雪芹,117
314999条评论,http://product.dangdang.com/25062481.html,诺奖少年版（全套30册）2018当当童书畅销书，日销售ZUI高达50000,¥205.90,辽宁少年儿童出版社,2017-04-01,100%推荐,海明威  罗曼·罗兰  塞尔玛·拉格洛夫 等，张荣梅 策划，小当当童书馆 出品,118
73218条评论,http://product.dangdang.com/23978773.html,流浪地球：刘慈欣授权，电影原著小说,¥34.50,中国华侨出版社,2016-06-01,99.9%推荐,刘慈欣 著，磨铁图书 出品,119
10213条评论,http://product.dangdang.com/26915126.html,墨菲定律,¥24.90,中国人口出版社,2019-01-01,99.8%推荐,张新捷著,120
191308条评论,http://product.dangdang.com/22783643.html,活法,¥25.60,东方出版社,2012-05-01,99.7%推荐,(日)稻盛和夫　著，曹岫云　译,121
104059条评论,http://product.dangdang.com/21000646.html,羊皮卷大全集（畅销珍藏本）,¥26.30,黑龙江科学技术出版社,2011-01-01,99.6%推荐,（美曼狄诺　等著，张权　编译,122
177344条评论,http://product.dangdang.com/23311508.html,无人生还：阿加莎 克里斯蒂作品集10（销售记录超过一亿册的侦探小,¥26.60,新星出版社,2013-07-01,100%推荐,(英)阿加莎.克里斯蒂,123
345815条评论,http://product.dangdang.com/25211578.html,苏东坡传（林语堂精装2018版）（1-9年级必读书单）,¥49.40,湖南文艺出版社,2018-01-01,100%推荐,"林语堂 著,博集天卷 出品",124
113710条评论,http://product.dangdang.com/23736556.html,《0～3岁孩子的正面管教》,¥35.30,北京联合出版公司,2015-08-01,99.9%推荐,(美) 简·尼尔森，谢丽尔·欧文，罗丝琳·安·达菲 著，花莹莹 译,125
175554条评论,http://product.dangdang.com/23999771.html,懂你（复旦名师陈果作品！）,¥21.40,山东画报出版社,2016-06-01,100%推荐,陈果,126
135485条评论,http://product.dangdang.com/24105221.html,小鸡球球触感玩具书：全5册,¥125.00,长江少年儿童出版社,2016-11-15,99.8%推荐,[日]入山智 著绘；崔维燕 译；海豚传媒，心喜阅童书 出品,127
236018条评论,http://product.dangdang.com/25238690.html,美国儿科学会育儿百科（第6版，2018全新增订),¥53.40,北京科学技术出版社,2018-03-01,100%推荐,〔美〕斯蒂文·谢尔弗 主编  陈铭宇，周莉，池丽叶 等 译,128
710763条评论,http://product.dangdang.com/25289538.html,小熊宝宝绘本（2018版全15册）蒲蒲兰经典畅销绘本！新手妈妈的育,¥45.40,连环画出版社,2007-05-16,100%推荐,佐佐木洋子 文/图，蒲蒲兰 译,129
93590条评论,http://product.dangdang.com/23808286.html,城南旧事：一部触动千万读者灵魂的童年离骚,¥23.60,江苏人民出版社,2015-07-01,100%推荐,林海音   凤凰含章 出品,130
28613条评论,http://product.dangdang.com/25352309.html,拼音真好玩（全彩6册）（从幼小衔接到一年级，拼音学习必备启蒙书,¥49.50,电子工业出版社,2018-10-15,99.9%推荐,周霞 著 段张取艺 绘,131
24494条评论,http://product.dangdang.com/25201595.html,河边的错误 （《活着》余华畅销30年ZUI佳中篇小说集）,¥37.20,时代文艺出版社,2018-01-01,99.9%推荐,余华,132
142961条评论,http://product.dangdang.com/23555432.html,很杂很杂的杂学知识：拿得起放不下的学问书（让百度疯狂，谷歌抽,¥20.20,中国画报出版社,2014-08-01,99.7%推荐,张立辉　编著,133
289943条评论,http://product.dangdang.com/22632990.html,人生（影响千万青年的励志名篇-- 马云、贾樟柯倾情推荐！）,¥17.30,北京十月文艺出版社,2012-03-01,100%推荐,路遥  著，新经典 出品,134
55222条评论,http://product.dangdang.com/25233927.html,橘子不是唯一的水果,¥29.40,北京联合出版有限公司,2018-04-01,100%推荐,（英）珍妮特·温特森,135
226789条评论,http://product.dangdang.com/25069493.html,可爱的身体 （全8册）,¥59.00,南海出版公司,2010-01-01,100%推荐,[日]七尾纯 小林雅子 文 [日]今井弓子 等 图， 爱心树童书  出品,136
200445条评论,http://product.dangdang.com/25102973.html,明朝那些事儿全集 增补版（新版全套9册）,¥163.40,北京联合出版有限公司,2017-05-01,100%推荐,当年明月 著，磨铁图书 出品,137
709268条评论,http://product.dangdang.com/25146931.html,我不（大冰作品。十个月狂销200万册，不容错过的奇书！）,¥37.00,湖南文艺出版社,2017-09-01,99.9%推荐,大冰 著，博集天卷 出品,138
80591条评论,http://product.dangdang.com/20974282.html,三体2：黑暗森林（刘慈欣代表作，亚洲首部雨果奖获奖作品！）,¥25.20,重庆出版社,2008-05-01,99.9%推荐,刘慈欣,139
478880条评论,http://product.dangdang.com/24186019.html,见识城邦·人类简史：从动物到上帝（新版）  一本好书 腾讯视频栏,¥66.60,中信出版社,2017-01-01,100%推荐,[以色列] 尤瓦尔·赫拉利（Yuval Noah Harari）,140
142879条评论,http://product.dangdang.com/23331336.html,《正面管教 A-Z》：日常养育难题的1001个解决方案（畅销书《正面,¥37.80,北京联合出版公司,2013-10-01,99.9%推荐,"(美) 简·尼尔森, 琳·洛特, 斯蒂芬·格伦著",141
202313条评论,http://product.dangdang.com/26490676.html,亲密关系：通往灵魂的桥梁（新版）,¥42.70,湖南文艺出版社,2019-04-01,100%推荐,"（加）克里斯多福·孟 著,博集天卷 出品",142
372045条评论,http://product.dangdang.com/24248105.html,复旦名师陈果：好的孤独（复旦名师陈果博士，用哲学的方式告诉你,¥30.60,江苏凤凰文艺出版社,2017-04-19,100%推荐,陈果 著；读客文化 出品,143
206779条评论,http://product.dangdang.com/25081450.html,魔法拼音国（套装 共7册）,¥49.00,浙江少年儿童出版社,2017-05-01,99.9%推荐,姜自霞,144
25756条评论,http://product.dangdang.com/25309492.html,海边的卡夫卡（2018年新版，村上春树畅销名作）,¥37.20,上海译文出版社,2018-07-31,100%推荐,村上春树,145
117540条评论,http://product.dangdang.com/23645623.html,《3～6岁孩子的正面管教》,¥35.30,北京联合出版公司,2015-02-01,99.9%推荐,[美] 简·尼尔森  谢丽尔·欧文  罗丝琳·安·达菲  著    娟子 译,146
210143条评论,http://product.dangdang.com/22557281.html,人间失格（太宰治绝望的告白，独家收录太宰治绝笔之作《Goodbye》,¥18.50,武汉出版社,2011-12-01,99.7%推荐,（日）太宰治  著，烨伊　译   凤凰含章出品,147
105847条评论,http://product.dangdang.com/23950912.html,多莱尔的希腊神话书（畅销千万册，纽约公共图书馆“百年百佳书”,¥44.00,江苏教育出版社,2016-06-01,99.9%推荐,英格丽 多莱尔  爱德加·帕林·多莱尔,148
365216条评论,http://product.dangdang.com/25243206.html,神奇校车·动画版（全10册）,¥59.00,贵州人民出版社,2011-04-05,100%推荐,"作者:乔安娜柯尔 著,布鲁斯迪根 绘 , 漆仰平 译",149
17988条评论,http://product.dangdang.com/24162931.html,提灯映桃花（上、下册）,¥54.40,江苏文艺出版社,2017-01-01,99.8%推荐,"淮上 著,  悦读纪 出品",150
51374条评论,http://product.dangdang.com/26579651.html,少年的你，如此美丽（新版双封设计附含七年亲吻贺卡+8P定制彩插，,¥34.30,百花洲文艺出版社,2019-03-01,100%推荐,玖月晞，白马时光 出品,151
364994条评论,http://product.dangdang.com/25163242.html,摆渡人2：重返荒原（系列畅销千万册。每一个镌刻着爱与善意的灵魂,¥36.80,百花洲文艺出版社,2017-09-01,99.9%推荐,克莱儿·麦克福尔，白马时光 出品,152
179486条评论,http://product.dangdang.com/25204629.html,原则 principles 雷·达里奥著 跨年演讲推荐图书 团购电话:40010,¥96.00,中信出版社,2018-01-01,99.9%推荐,[美]瑞·达利欧（Ray Dalio）,153
117775条评论,http://product.dangdang.com/23706887.html,我是猫（陈乔恩、梁文道推荐！百万畅销译本。日本“国民大师”夏,¥37.80,浙江文艺出版社,2015-06-01,99.9%推荐,[日]夏目漱石 著，曹曼 译，果麦文化 出品,154
8636条评论,http://product.dangdang.com/25280830.html,高山上的小邮局,¥49.00,上海人民出版社,2018-06-01,99.9%推荐,[西班牙]安赫莱斯·多尼亚特,155
219409条评论,http://product.dangdang.com/25072639.html,好妈妈胜过好老师2：自由的孩子最自觉,¥42.30,文汇出版社,2017-03-23,100%推荐,尹建莉 著；读客文化 出品,156
5988条评论,http://product.dangdang.com/26914951.html,易经杂说（当当独家定制版）,¥45.50,东方出版社,2019-04-01,99.9%推荐,南怀瑾,157
3996条评论,http://product.dangdang.com/26912941.html,平语近人：习近平总书记用典（团购电话4001066666转6）,¥41.70,人民出版社,2019-03-01,100%推荐,中共中央宣传部、中央广播电视总台,158
89086条评论,http://product.dangdang.com/26912902.html,宫西达也超级绘本（全11册）,¥93.00,青岛出版社,2019-02-01,100%推荐,[日]宫西达也,159
80230条评论,http://product.dangdang.com/20994167.html,三体3：死神永生（刘慈欣代表作，亚洲首部“雨果奖”获奖作品！）,¥20.20,重庆出版社,2010-11-01,99.8%推荐,刘慈欣,160
38653条评论,http://product.dangdang.com/26438867.html,成为becoming：米歇尔·奥巴马自传（精装版）美国前第一夫人米歇,¥79.40,天地出版社,2019-01-01,100%推荐,米歇尔·奥巴马  MICHELLE ROBINSON OBAMA,161
93521条评论,http://product.dangdang.com/23422952.html,十几岁孩子的正面管教——教给十几岁的孩子人生技能（畅销书《正,¥29.40,北京联合出版公司,2014-02-01,100%推荐,简.尔森,162
122473条评论,http://product.dangdang.com/25201859.html,钝感力（渡边淳一经典：具备不为小事动摇的钝感力，才能成为真正,¥30.40,青岛出版社,2018-01-01,100%推荐,渡边淳一著；李迎跃 译;,163
219088条评论,http://product.dangdang.com/24044343.html,写给儿童的中国地理（全14册）,¥196.00,新世界出版社,2016-09-01,99.9%推荐,陈卫平、陈雨岚等 步印童书 出品,164
15883条评论,http://product.dangdang.com/25321845.html,曾国藩传,¥39.20,江苏凤凰文艺出版社,2018-08-01,99.9%推荐,梅寒 著，麦书房出品，有容书邦发行,165
17881条评论,http://product.dangdang.com/26482259.html,断舍离（2019新版，全新修订50%以上内容）宫崎骏、张德芬、李冰冰,¥42.70,湖南文艺出版社,2019-01-11,99.9%推荐,"山下英子 著,博集天卷 出品",166
108861条评论,http://product.dangdang.com/24010525.html,枪炮、病菌与钢铁——人类社会的命运(修订版）,¥52.20,上海译文出版社,2016-07-01,99.9%推荐,（美）贾雷德.戴蒙德 著，谢延光 译,167
277462条评论,http://product.dangdang.com/25093640.html,雪落香杉树 (福克纳奖得主，全球畅销500万册),¥52.00,作家出版社,2017-06-18,99.9%推荐,戴维·伽特森,168
122328条评论,http://product.dangdang.com/23845292.html,新参者（2016版）,¥31.20,南海出版公司,2016-02-01,100%推荐,（日）东野圭吾 著，新经典 出品,169
468057条评论,http://product.dangdang.com/463785.html,时间简史（插图本）（央视《朗读者》推荐）,¥28.40,湖南科技出版社,2014-06-01,100%推荐,史蒂芬·霍金,170
92082条评论,http://product.dangdang.com/25216063.html,诗经（韩寒推荐，全三册注音插图版）,¥117.30,三秦出版社,2018-01-01,99.9%推荐,骆玉明(解注)，果麦文化 出品,171
94032条评论,http://product.dangdang.com/25169162.html,愿所有相遇，都恰逢其时,¥33.60,浙江文艺出版社,2017-10-01,99.9%推荐,DTT  著 ，星文文化 出品,172
237756条评论,http://product.dangdang.com/25253022.html,高效能人士的七个习惯（30周年纪念版）：打造一套全新的思维方式,¥52.70,中国青年出版社,2018-05-01,100%推荐,（美）史蒂芬·柯维,173
142306条评论,http://product.dangdang.com/22765017.html,理想国,¥29.50,中国华侨出版社,2012-05-01,99.8%推荐,柏拉图,174
223247条评论,http://product.dangdang.com/23780305.html,穆斯林的葬礼（2015版）,¥35.90,北京十月文艺出版社,2015-09-01,99.9%推荐,霍达　著，新经典 出品,175
170816条评论,http://product.dangdang.com/23435948.html,小学生必背古诗词75+80首 近15万多读者好评，不同印次随机发货。,¥22.20,华语教学出版社,2014-02-01,100%推荐,说词解字辞书研究中心,176
5683条评论,http://product.dangdang.com/25309499.html,舞！舞！舞！（2018年新版，村上春树畅销名作）,¥32.80,上海译文出版社,2018-07-31,100%推荐,村上春树,177
6188条评论,http://product.dangdang.com/25158609.html,乌合之众,¥18.00,中国妇女出版社,2017-10-01,99.8%推荐,古斯塔夫·勒庞，赵丽慧,178
218505条评论,http://product.dangdang.com/20687090.html,卓有成效的管理者（珍藏版）（团购，请致电400-106-6666转6）,¥24.00,机械工业出版社,2009-09-01,100%推荐,（美）德鲁克（Drucker，P.F.） 著，许是祥  译,179
30696条评论,http://product.dangdang.com/25580664.html,中国传统节日故事 小学语文课外读物 （收录专家解读节日和习俗，,¥15.90,团结出版社,2018-10-01,100%推荐,爱华文 （著）,180
158815条评论,http://product.dangdang.com/24026197.html,且以优雅过一生：杨绛传（杨绛传记的标杆之作）,¥28.80,湖南文艺出版社,2016-09-01,99.9%推荐,桑妮 著，博集天卷 出品,181
92116条评论,http://product.dangdang.com/25311959.html,天长地久：给美君的信（龙应台暌违十年重磅新作）,¥55.00,湖南文艺出版社,2018-08-01,100%推荐,"龙应台 著,博集天卷 出品",182
90243条评论,http://product.dangdang.com/23640199.html,好妈妈不打不骂培养男孩300个细节,¥23.20,南海出版公司,2015-02-01,99.9%推荐,张晓萍　编著,183
474条评论,http://product.dangdang.com/26439567.html,樊登推荐 不管教的勇气——跟阿德勒学育儿,¥23.90,云南出版集团公司 晨光出版社,2018-11-01,99.4%推荐,[日]岸见一郎/著 渠海霞/译,184
97640条评论,http://product.dangdang.com/25090314.html,爱你就像爱生命（精装彩插典藏版）,¥37.80,湖南文艺出版社,2017-07-01,100%推荐,王小波 李银河 著，博集天卷 出品,185
79170条评论,http://product.dangdang.com/25166912.html,终身成长：重新定义成功的思维模式,¥47.20,江西人民出版社,2017-11-01,100%推荐,[美]卡罗尔·德韦克（Carol Dweck) ， 译者：楚祎楠   后浪,186
3526条评论,http://product.dangdang.com/26919013.html,认知：所谓成长就是认知升级,¥50.60,中国友谊出版公司,2019-04-01,99.8%推荐,吴建平,187
93458条评论,http://product.dangdang.com/25126133.html,孙子兵法·三十六计（新课标，完整原文+详细注释+准确翻译+历史故,¥15.80,浙江工商大学出版社,2017-08-01,100%推荐,〔春秋〕孙武  等著    富强  改编,188
33073条评论,http://product.dangdang.com/25350855.html,去旅行系列（中国版）2018年度最值得期待的原创作品,¥54.00,广西科学技术出版社,2018-11-01,99.9%推荐,《去旅行》（中国版）编委会著 虫孚虫斿 爆裂鹌鹑蛋 绘,189
421159条评论,http://product.dangdang.com/9284655.html,斯凯瑞金色童书·第一辑（全4册）,¥41.60,贵州人民出版社,2007-05-01,99.4%推荐,（美）斯凯瑞  著，李晓评  译,190
40379条评论,http://product.dangdang.com/25336322.html,深度思考：不断逼近问题的本质,¥36.00,江苏凤凰文艺出版社,2018-10-01,99.8%推荐,[美]莫琳·希凯 著 孔锐才 译 时代华语 出品,191
142130条评论,http://product.dangdang.com/23898712.html,人生最美是清欢（林清玄经典散文集，执笔45周年白金纪念版！）,¥34.20,北京十月文艺出版社,2016-03-01,99.9%推荐,林清玄 著，新经典 出品,192
42116条评论,http://product.dangdang.com/25264856.html,《幼儿学古诗（全2册）》,¥40.00,教育科学出版社有限公司,2018-05-01,100%推荐,中国教育科学研究院早期教育研究中心,193
3091条评论,http://product.dangdang.com/26923241.html,我的第一本量子物理学（一本敲开物理大门的科普全图解，让孩子爱,¥39.00,江苏凤凰美术出版社,2019-04-01,100%推荐,[西班牙] 沙达德·卡伊德-萨,194
19727条评论,http://product.dangdang.com/26193811.html,共情的力量：情商高的人，如何抚慰受伤的灵魂,¥44.30,中国致公出版社,2019-01-01,100%推荐,【美】亚瑟·乔拉米卡利 【美】凯瑟琳·柯茜  著，开森心理 出品,195
93510条评论,http://product.dangdang.com/25163653.html,自卑与超越（白岩松推荐，完整全译本未删节）,¥21.30,天津人民出版社,2017-09-01,100%推荐,阿德勒 ，杨蔚 译者，果麦文化 出品,196
2985条评论,http://product.dangdang.com/25536856.html,一只特立独行的鸡 （儿童自主意识养成，从小培养孩子勇敢与自信，,¥28.50,黑龙江美术出版社,2018-01-01,99.8%推荐,绘（美）大卫·海德·卡斯特罗  著（美）梅根·多德·兰伯特  译 李一慢,197
56785条评论,http://product.dangdang.com/25113732.html,故宫院长说故宫 图文并茂 全彩精装,¥54.40,天地出版社,2017-08-01,99.9%推荐,李文儒，高高国际 出品,198
91352条评论,http://product.dangdang.com/24013630.html,邦臣小红花·0-3岁专注力训练贴纸书 全6册,¥31.80,中国人口出版社,2016-07-01,100%推荐,北京小红花图书工作室,199
529405条评论,http://product.dangdang.com/25218540.html,信谊世界精选图画书·猜猜我有多爱你,¥37.40,明天出版社,2018-01-01,100%推荐,[爱尔兰] 山姆·麦克布雷尼 著，[英] 安妮塔·婕朗 绘，梅子涵 译,200
61812条评论,http://product.dangdang.com/24207788.html,了不起的盖茨比（新版未删节！2018当当《了不起的盖茨比》销量桂,¥36.90,浙江文艺出版社,2017-03-10,99.9%推荐,菲茨杰拉德 著，董继平 译，大星文化 出品，作家榜经典文库，Henry P. Raleigh 绘,201
129539条评论,http://product.dangdang.com/24183943.html,老人与海（新版！未删节插图珍藏版，《暗算》作者、茅奖得主麦家,¥32.60,浙江文艺出版社,2017-02-20,99.9%推荐,海明威 著，鲁羊 译，大星文化 出品，作家榜经典文库，Slava Shults 绘,202
68167条评论,http://product.dangdang.com/20789681.html,我来贴（1-3岁，共6册）,¥19.90,新世界出版社,2014-01-12,98.2%推荐,（比）博伊斯纳德  著，曾候花  译 步印童书 出品,203
308769条评论,http://product.dangdang.com/23608680.html,你是人间四月天（民国女神林徽因诗歌、散文、小说代表作完整收录,¥21.80,北京联合出版公司,2014-12-01,99.8%推荐,林徽因　著,204
146381条评论,http://product.dangdang.com/20029871.html,巴黎圣母院 世界十大文学名著,¥21.10,上海文艺出版社,2008-01-01,100%推荐,（法）雨果Victor Hugo，李玉民  译,205
99234条评论,http://product.dangdang.com/25102405.html,把坏脾气收起来,¥33.10,北京科学技术出版社,2017-08-01,99.9%推荐,〔美〕卡罗尔·罗思，（美）拉申·凯里耶,206
120141条评论,http://product.dangdang.com/23246551.html,东方快车谋杀案：阿加莎·克里斯蒂侦探作品集04（英格丽·褒曼凭,¥24.70,新星出版社,2013-04-01,100%推荐,(英)阿加莎.克里斯蒂,207
145181条评论,http://product.dangdang.com/22790516.html,走遍中国 图说天下 国家地理,¥14.00,北京联合出版公司,2012-06-01,99.8%推荐,《图说天下·国家地理系列》编委会,208
180433条评论,http://product.dangdang.com/25268159.html,那不勒斯的萤火（被誉为欧美文坛近十年来的“灯塔”巨作，跟《追,¥35.40,百花洲文艺出版社,2018-05-01,99.9%推荐,马西米利亚诺· 威尔吉利奥，白马时光 出品,209
153322条评论,http://product.dangdang.com/23733160.html,儒林外史(56回全本，内容考证、文字句读全新修订版。),¥21.00,花山文艺出版社,2015-07-01,99.9%推荐,吴敬梓,210
33644条评论,http://product.dangdang.com/26439969.html,显微镜下的大明（“文字鬼才”马伯庸著，全新明朝历史书）,¥49.40,湖南文艺出版社,2019-01-01,100%推荐,"马伯庸 著,博集天卷 出品",211
63644条评论,http://product.dangdang.com/25273429.html,中国国家博物馆儿童历史百科绘本（5册）,¥120.00,人民邮电出版社,2018-06-01,99.9%推荐,中国国家博物馆 著，童趣出版有限公司 编,212
9633条评论,http://product.dangdang.com/25174580.html,大自然的珍贵礼物（精装，集合世界各地的“珍贵宝藏”，囊括几十,¥22.40,河北少年儿童出版社,2017-10-01,100%推荐,(奥) 苏珊娜·莉娅  、译者：刘莎 、 绘者：(奥) 艾娃·鲁道夫斯基,213
36626条评论,http://product.dangdang.com/24043287.html,红与黑（高晓松推荐、央视官方收藏版本）（法文直译无删节，法国,¥35.70,天津人民出版社,2016-11-01,99.9%推荐,(法)司汤达，罗新璋，果麦文化 出品,214
59733条评论,http://product.dangdang.com/23920356.html,中国通史,¥35.60,群言出版社,2016-02-01,99.9%推荐,吕思勉,215
67713条评论,http://product.dangdang.com/25178733.html,姜小牙上学记（套装共4册）,¥45.00,四川少儿出版社,2017-10-01,100%推荐,北猫,216
205401条评论,http://product.dangdang.com/24033539.html,不可思议的旅程（凯迪克大奖绘本三部曲）,¥76.00,新星出版社,2016-09-01,100%推荐,[美] 艾伦·贝克尔 著， 爱心树童书  出品,217
265042条评论,http://product.dangdang.com/23301044.html,雪国,¥25.20,南海出版公司,2013-08-01,99.8%推荐,(日)川端康成 著，新经典 出品,218
9869条评论,http://product.dangdang.com/26438236.html,枢纽:3000年的中国,¥93.80,广西师范大学出版社,2018-01-01,99.8%推荐,施展 著,219
95122条评论,http://product.dangdang.com/25146532.html,习近平的七年知青岁月              100册以上团购请联系电话400,¥49.90,中共中央党校出版社,2017-08-01,100%推荐,中央党校采访实录编辑室,220
27945条评论,http://product.dangdang.com/24106554.html,流浪地球,¥29.50,万卷出版公司,2016-11-23,99.9%推荐,刘慈欣，王晋康，何夕,221
104072条评论,http://product.dangdang.com/24002578.html,穷查理宝典：查理·芒格智慧箴言录（增订本）,¥205.00,中信出版社,2016-08-31,100%推荐,[美] 彼得·考夫曼 | 编 李继宏 译,222
20490条评论,http://product.dangdang.com/26487694.html,浮生六记（详细注解+准确优美直译，你一定能读懂原文）,¥27.30,时代文艺出版社,2019-02-01,100%推荐,（清）沈复 著   梦窗 译注,223
99544条评论,http://product.dangdang.com/25314732.html,掌控情绪，从来都不靠忍（别让情绪掌控你的人生）,¥30.00,长江文艺出版社,2018-07-24,100%推荐,剑圣喵大师,224
183723条评论,http://product.dangdang.com/25283331.html,游戏力畅销版套装（全3册）[精选套装],¥113.60,中信出版社,2018-07-01,100%推荐,（美）科恩 著；李岩 伍娜 高晓静 译,225
67491条评论,http://product.dangdang.com/25070190.html,卡耐基人际交往心理学 : 别输在不懂人情世故上,¥23.50,中国国际广播出版社,2017-05-01,99.9%推荐,(美) 戴尔·卡耐基著 ; 张然编译,226
162346条评论,http://product.dangdang.com/23929894.html,俗世奇人（全二册）（第七届鲁迅文学奖获奖作品）,¥40.00,作家出版社,2016-02-29,99.9%推荐,冯骥才,227
137035条评论,http://product.dangdang.com/25578031.html,蔡康永的情商课：为你自己活一次（印章版）,¥39.90,湖南文艺出版社,2018-11-30,100%推荐,"蔡康永 著,博集天卷 出品",228
132447条评论,http://product.dangdang.com/23629643.html,阿Q正传（“精神胜利法”的悲喜剧，另收录《狂人日记》等鲁迅名篇,¥16.40,北京联合出版公司,2014-12-01,99.9%推荐,鲁迅  著,229
83042条评论,http://product.dangdang.com/23530913.html,现当代长篇小说经典系列：边城,¥15.00,长江文艺出版社,2014-07-01,99.9%推荐,沈从文　著,230
5074条评论,http://product.dangdang.com/26910857.html,习近平在正定,¥42.90,中共中央党校出版社,2019-02-01,100%推荐,中央党校采访实录编辑室,231
175365条评论,http://product.dangdang.com/22627427.html,山海经（白话全译彩图版珍藏版）,¥62.60,现代出版社,2012-03-01,99.8%推荐,徐客  著    紫图  出品,232
71009条评论,http://product.dangdang.com/25301807.html,东野圭吾：悲剧人偶,¥29.70,北京十月文艺出版社,2018-08-01,100%推荐,（日）东野圭吾 著，新经典 出品,233
328133条评论,http://product.dangdang.com/25167661.html,红岩（七年级下册必读）,¥22.70,中国青年出版社,2017-09-01,100%推荐,罗广斌，杨益言,234
84603条评论,http://product.dangdang.com/23750377.html,呼啸山庄,¥20.50,作家出版社,2015-08-01,100%推荐,（英）艾米莉·勃朗特　著，宋兆霖　译,235
111188条评论,http://product.dangdang.com/23820838.html,从小爱科学·有趣的物理（全16册）,¥64.00,湖南少年儿童出版社,2015-12-01,99.9%推荐,译者： 沈丹丹、柳恋清 等,236
117786条评论,http://product.dangdang.com/23649510.html,孩子：挑战,¥42.70,生活.读书.新知三联书店,2015-01-01,99.9%推荐,（美）鲁道夫德雷克斯，（美）薇姬·索尔兹　著，甄颖　译,237
50015条评论,http://product.dangdang.com/25270809.html,护肤全书（每天1个护肤小知识，1日1美活，陪你度过一年365天）,¥46.40,江苏凤凰文艺出版社,2018-06-01,99.9%推荐,[日]庆田朋子 著 快读慢活 出品,238
131094条评论,http://product.dangdang.com/24057484.html,刻意练习：如何从新手到大师 团购电话:4001066666转6,¥23.40,机械工业出版社,2016-10-24,99.9%推荐,[美] 安德斯·艾利克森、王正林,239
668957条评论,http://product.dangdang.com/25536535.html,地图 人文版（升级版）手绘世界地图 儿童百科绘本,¥84.00,贵州人民出版社,2018-11-01,100%推荐,[波]亚历山德拉·米热林斯卡，[波]丹尼尔·米热林斯基 著，冯婷 等译,240
230218条评论,http://product.dangdang.com/25246337.html,小威向前冲,¥18.00,贵州人民出版社,2018-04-23,100%推荐,[美]尼古拉斯·艾伦 著；漆仰平 译,241
141535条评论,http://product.dangdang.com/23752765.html,简爱（浙大翻译家宋兆霖翻译，未删减全本。）九年级下册必读书目,¥25.00,作家出版社,2015-08-01,100%推荐,（英）夏洛蒂勃朗特　著，宋兆霖　译,242
194415条评论,http://product.dangdang.com/23194043.html,捕捉儿童敏感期（珍藏版）：了解孩子内心的早教经典，解除育儿焦,¥24.70,中国妇女出版社,2013-04-01,99.9%推荐,孙瑞雪,243
22346条评论,http://product.dangdang.com/25262421.html,合理安排时间 忍住！别插手！让孩子独立的自我管理课（全3册）[精,¥81.00,九州出版社,2018-05-01,100%推荐,（日）高取志津香，阳光博出品,244
327992条评论,http://product.dangdang.com/25172573.html,秘密 （东野圭吾创作生涯里程碑）,¥27.00,南海出版公司,2017-11-01,100%推荐,东野圭吾 著，新经典 出品,245
144722条评论,http://product.dangdang.com/23576465.html,耶路撒冷三千年（第十届文津奖获奖图书）深圳读书月2015年度十大,¥69.40,民主与建设出版社,2015-01-01,99.8%推荐,[英]西蒙·蒙蒂菲奥里　著；张倩红等　译,246
7577条评论,http://product.dangdang.com/25329125.html,森林鱼童书：狮子和老鼠（凯迪克金奖，让孩子懂得友谊、宽容、感,¥31.20,浙江人民美术出版社,2018-08-30,99.9%推荐,［美］杰里.平克尼,247
208402条评论,http://product.dangdang.com/25168898.html,定位系列·定位（重译版） 团购电话:4001066666转6,¥55.90,机械工业出版社,2017-09-25,100%推荐,[美]艾?里斯（Al Ries）杰克?特劳特（Jack Trout）,248
237901条评论,http://product.dangdang.com/23730173.html,东野圭吾：时生（东野圭吾暖心力作）,¥31.20,南海出版公司,2015-07-01,100%推荐,东野圭吾 著，徐建雄  译，新经典 出品,249
50842条评论,http://product.dangdang.com/23691203.html,菜根谭—中华经典藏书,¥28.50,吉林美术出版社,2015-03-01,99.9%推荐,洪应明 著 ; 蔡世忠 译注,250
282544条评论,http://product.dangdang.com/26516204.html,张爱玲全集01：倾城之恋（精装典藏版）,¥29.70,北京十月文艺出版社,2019-01-01,100%推荐,张爱玲 著  ，新经典  出品,251
17299条评论,http://product.dangdang.com/25288392.html,稻盛和夫阿米巴经营经典套装（理论+实践）（当当独家定制套装）（,¥74.70,中国大百科全书出版社,2018-05-01,99.9%推荐,（日）稻盛和夫，京瓷通信系统株式会社（KCCS） 著,252
98020条评论,http://product.dangdang.com/25215215.html,0-3岁行为习惯教养绘本（全6册）,¥44.90,长江少年儿童出版社,2018-01-01,100%推荐,让娜·阿什比/著；海豚传媒，心喜阅童书 出品,253
285080条评论,http://product.dangdang.com/25084417.html,德国精选科学图画书 （肚子里有个火车站+牙齿大街的新鲜事，套装,¥35.00,北京科学技术出版社,2017-06-01,100%推荐,〔德〕安娜·鲁斯曼,254
125610条评论,http://product.dangdang.com/23453874.html,福尔摩斯探案集（中小学新课标必读名著）70000多名读者热评！,¥13.30,人民邮电出版社,2014-03-01,100%推荐,(英）柯南 道尔，童趣出版有限公司,255
192121条评论,http://product.dangdang.com/25283332.html,游戏力经典套装（全2册）[精选套装],¥77.60,中信出版社,2018-07-01,100%推荐,（美）科恩 著；李岩 伍娜 高晓静 译,256
53406条评论,http://product.dangdang.com/23932420.html,从出生到3岁（新版）,¥32.80,北京联合出版公司,2016-04-01,100%推荐,伯顿·L.怀特,257
218097条评论,http://product.dangdang.com/24188188.html,寻找时间的人（与《追风筝的人》《偷书贼》共同荣获美国年度最佳,¥30.40,江苏文艺出版社,2017-03-01,100%推荐,作者 凯特·汤普森、译者 闫雪莲；酷威文化 出品,258
67132条评论,http://product.dangdang.com/23671032.html,飘（上下） 世界名著典藏,¥39.00,中央编译出版社,2015-02-01,99.9%推荐,（美）米切尔 著，黄健人 译,259
360987条评论,http://product.dangdang.com/23763621.html,白岩松：白说,¥21.90,长江文艺出版社,2015-09-01,99.8%推荐,白岩松,260
589246条评论,http://product.dangdang.com/23546266.html,夏洛的网（新）,¥16.40,上海译文出版社,2014-08-01,99.9%推荐,（美）怀特　著，任溶溶　译,261
27740条评论,http://product.dangdang.com/25287231.html,原生家庭:如何修补自己的性格缺陷,¥34.80,北京时代华文书局,2018-06-01,100%推荐,（美）苏珊·福沃德博士 克雷格·巴克/著，阳光博客出品,262
81767条评论,http://product.dangdang.com/25215594.html,一九八四（又译作“1984”）,¥25.60,时代文艺出版社,2018-02-05,100%推荐,"[英]乔治·奥威尔 著,傅霞 译",263
55601条评论,http://product.dangdang.com/23837107.html,自卑与超越（白岩松推荐，超越自卑完整全译本）,¥27.20,浙江文艺出版社,2016-01-01,100%推荐,阿尔弗雷德阿德勒著，杨颖 译，果麦文化 出品,264
83269条评论,http://product.dangdang.com/23629302.html,文化苦旅 新版,¥37.80,长江文艺出版社,2014-04-01,100%推荐,余秋雨　著 时代华语 出品,265
211947条评论,http://product.dangdang.com/23927251.html,遇见未知的自己（全新修订版）,¥36.10,湖南文艺出版社,2016-04-01,99.9%推荐,张德芬 著，博集天卷 出品,266
9139条评论,http://product.dangdang.com/25301676.html,人生如逆旅 汪曾祺著作 任伯年 郑板桥 吴昌硕 张大千彩图插画,¥35.10,四川人民出版社,2018-07-01,99.8%推荐,汪曾祺,267
16747条评论,http://product.dangdang.com/23922722.html,西尔斯怀孕育儿系列经典套装[精选套装],¥79.20,南海出版社,2016-02-01,99.9%推荐,〔美〕威廉·西尔斯 等，新经典 出品,268
22297条评论,http://product.dangdang.com/25272807.html,暖萌科学绘本 和爸妈去旅行,¥17.00,北京联合出版有限公司,2018-06-01,99.9%推荐,黄宇,269
89298条评论,http://product.dangdang.com/25147357.html,兄弟（新版）,¥49.00,作家出版社,2017-08-09,100%推荐,余华,270
121898条评论,http://product.dangdang.com/23359376.html,戒了吧，拖延症——写给年轻人的拖延心理学（人生有限，拖延有害,¥28.70,天津人民出版社,2013-10-01,99.9%推荐,辰格   著，文通天下  出品,271
13693条评论,http://product.dangdang.com/25325424.html,0-3岁亲子游戏纸板书（全5册）,¥99.50,长江少年儿童出版社,2018-09-01,99.9%推荐,[日] 冬野一子 等/著；[日] 齐藤忍 等/绘；[日]柏原晃夫 设计；周龙梅 译；海豚传媒，心喜阅童书 出品,272
380162条评论,http://product.dangdang.com/23565712.html,乖，摸摸头（大冰作品！畅销350万册）,¥34.20,湖南文艺出版社,2014-10-01,100%推荐,大冰 著，博集天卷 出品,273
128408条评论,http://product.dangdang.com/22584137.html,中国历代政治得失 钱穆（新校本）,¥15.20,九州出版社,2013-12-28,99.8%推荐,钱穆　著,274
259518条评论,http://product.dangdang.com/21085963.html,神奇校车·阅读版（全16册）,¥64.00,贵州人民出版社,2011-06-01,99.6%推荐,乔安娜柯尔、布鲁斯迪根  著，漆仰平，汪晓英，静博　译,275
22504条评论,http://product.dangdang.com/26315044.html,桃李春风一杯酒：唐朝诗人的快意人生 （中国诗词大会通关必读，独,¥45.00,贵州人民出版社,2019-01-01,99.9%推荐,叶楚桥,276
34143条评论,http://product.dangdang.com/22790546.html,中国最美的100个地方 图说天下 国家地理,¥14.00,北京联合出版公司,2012-06-01,99.8%推荐,"<图说天下,国家地理系列>编委会",277
218362条评论,http://product.dangdang.com/25297030.html,西藏生死书（布面精装版）,¥34.80,浙江大学出版社,2018-06-01,100%推荐,索甲仁波切 著，新经典 出品,278
17288条评论,http://product.dangdang.com/23934123.html,一定要告诉女儿的那些事,¥29.40,北京联合出版公司,2016-04-01,100%推荐,[英]菲力浦·切斯特菲尔德,279
267926条评论,http://product.dangdang.com/9101748.html,法布尔昆虫记（全10册）（儿童彩图版）,¥132.00,北京科学技术出版社,2014-07-01,99.6%推荐,（韩）高苏珊娜  编著，（韩）金成荣  绘，李明淑  译,280
103317条评论,http://product.dangdang.com/25086655.html,红星照耀中国   (团购更优惠 电话：4001066666转6）八年级上册必,¥38.10,人民文学出版社,2017-06-01,100%推荐,[美]埃德加·斯诺 董乐山 译,281
135171条评论,http://product.dangdang.com/25126138.html,海底两万里（新课标）,¥12.50,浙江工商大学出版社,2017-09-01,100%推荐,[法]儒勒·凡尔纳 著 陈筱卿 译,282
229747条评论,http://product.dangdang.com/23851466.html,学会爱自己（教孩子免受性侵犯！学会保护自己！）（全3辑，共14册,¥96.00,青岛出版社,2016-02-01,99.9%推荐,珊蒂克雷文，茱蒂柏斯玛，佩特拉敏特尔（德），安德烈乌斯塔科夫（德）等,283
89029条评论,http://product.dangdang.com/23234814.html,爱打嗝的斑马（精装）,¥15.90,北京联合出版公司,2013-04-01,100%推荐,（英）大卫?麦基 著，柳漾 译,284
14665条评论,http://product.dangdang.com/25309496.html,世界尽头与冷酷仙境（2018年新版，村上春树畅销名作）,¥32.80,上海译文出版社,2018-07-31,100%推荐,村上春树,285
1091952条评论,http://product.dangdang.com/25247347.html,偷影子的人（2018新版）,¥37.80,湖南文艺出版社,2018-04-10,100%推荐,"马克·李维（Marc Levy） ,博集天卷 出品",286
95395条评论,http://product.dangdang.com/24040247.html,细菌世界历险记（中小学语文新课标必读名著 ）菌儿自传 高士其科,¥17.10,人民邮电出版社,2016-09-01,100%推荐,高士其，童趣出版有限公司编,287
81211条评论,http://product.dangdang.com/24003310.html,Python编程 从入门到实践,¥62.00,人民邮电出版社,2016-07-01,99.9%推荐,[美]埃里克·马瑟斯（Eric Matthes）,288
71175条评论,http://product.dangdang.com/20029866.html,罪与罚 世界十大文学名著,¥24.50,上海文艺出版社,2007-08-01,99.7%推荐,（俄罗斯）陀思妥耶夫斯基 著， 非琴 译,289
98221条评论,http://product.dangdang.com/105272.html,水浒传（上下册）（全两册）——中国古典文学读本丛书（九年级上,¥50.60,人民文学出版社,2004-09-01,99.9%推荐,"（明）施耐庵 ,罗贯中 著",290
48167条评论,http://product.dangdang.com/24170734.html,巴黎圣母院（北大西语系翻译家李玉民全译本，“世界十大名著”“,¥32.80,西安交通大学出版社,2017-01-01,99.9%推荐,[法]雨果 著   李玉民 译,291
7985条评论,http://product.dangdang.com/26909058.html,1分钟物理：“中科院物理所”趣味科普专栏【第一辑】,¥48.40,北京联合出版有限公司,2019-03-01,99.9%推荐,中科院物理所 编，未读 出品,292
52548条评论,http://product.dangdang.com/23413230.html,毛泽东选集（全四册，32开）,¥60.70,,1991-06-01,99.9%推荐,毛泽东 著,293
554902条评论,http://product.dangdang.com/23407125.html,目送：龙应台“人生三书”之三（彩插新版）,¥25.80,广西师范大学出版社,2014-01-01,100%推荐,龙应台 著，理想国 出品,294
193799条评论,http://product.dangdang.com/23219914.html,数学帮帮忙（全25册）多功能数学绘本,¥112.50,新蕾出版社,2013-04-01,99.8%推荐,（美）达芙妮·斯金纳　著，（美）杰瑞·史麦斯　绘，袁颖　译,295
748787条评论,http://product.dangdang.com/22924035.html,看见,¥24.50,广西师范大学出版社,2013-01-01,100%推荐,柴静 著，理想国 出品,296
3363条评论,http://product.dangdang.com/25546816.html,了不起的盖茨比（全新未删节详注版）村上春树文学创作的源泉，海,¥19.80,四川文艺出版社,2018-11-01,99.9%推荐,[美]F.S.菲茨杰拉德，酷威文化 出品,297
36242条评论,http://product.dangdang.com/25350561.html,撒野（巫哲新书）,¥24.80,北京联合出版有限公司,2018-10-01,99.9%推荐,巫哲,298
11968条评论,http://product.dangdang.com/25204703.html,人生很短，做一个有趣的人（汪曾祺散文精选集）,¥42.00,现代出版社,2017-12-01,99.9%推荐,汪曾祺 著,299
52265条评论,http://product.dangdang.com/25183407.html,自卑与超越（也译作《超越自卑》）“生命对你来说可以意味着什么,¥21.60,民主与建设出版社,2017-11-01,100%推荐,[奥]阿尔弗雷德·阿德勒 著，马晓佳 译,300
69260条评论,http://product.dangdang.com/25081547.html,被讨厌的勇气：“自我启发之父”阿德勒的哲学课,¥27.00,机械工业出版社,2017-05-24,100%推荐,"岸見一郎, 古賀史健",301
100758条评论,http://product.dangdang.com/24170731.html,傲慢与偏见（孙致礼先生的译本，幽默&唯美，豆瓣评分9.1分）,¥27.10,西安交通大学出版社,2017-01-01,100%推荐,［英］奥斯丁 著 孙致礼 译,302
15858条评论,http://product.dangdang.com/23934122.html,一定要告诉儿子的那些事,¥29.40,北京联合出版公司,2016-04-01,99.9%推荐,[英]菲力浦·切斯特菲尔德,303
77864条评论,http://product.dangdang.com/23509750.html,情人（杜拉斯百年诞辰作品系列）,¥15.80,上海译文出版社,2014-05-01,100%推荐,(法)玛格丽特·杜拉斯,304
138888条评论,http://product.dangdang.com/20605371.html,权威定本四大名著： 红楼梦 三国演义  水浒传  西游记 当当网全国,¥197.00,人民文学出版社,2008-07-01,99.6%推荐,（清）曹雪芹　等著；（清）无名氏　续,305
36857条评论,http://product.dangdang.com/25584012.html,蔡康永经典系列套装（蔡康永的说话之道1.2+蔡康永的情商课）,¥101.40,湖南文艺出版社,2018-11-01,100%推荐,"蔡康永 著,博集天卷 出品",306
201219条评论,http://product.dangdang.com/25149507.html,你只是看起来很努力（全新修订版）,¥36.10,北京联合出版有限公司,2017-08-30,100%推荐,李尚龙 著，磨铁图书 出品,307
78740条评论,http://product.dangdang.com/24031386.html,别输在不会表达上,¥24.10,古吴轩出版社,2016-08-01,99.9%推荐,李劲 著,308
147251条评论,http://product.dangdang.com/104336.html,西游记原著版（上、下册）七年级上册必读（1-9年级必读书单）,¥47.20,人民文学出版社,2005-11-01,99.9%推荐,吴承恩,309
40881条评论,http://product.dangdang.com/26241664.html,子弹笔记（INS爆红，YouTube千万点赞的超级笔记术）,¥51.60,北京联合出版有限公司,2018-12-01,99.9%推荐,（美）赖德·卡罗尔 著，未读 出品,310
42678条评论,http://product.dangdang.com/25583220.html,国家宝藏 100件文物讲述中华文明史,¥49.90,四川人民出版社,2018-11-01,99.9%推荐,佟洵 王云松,311
723条评论,http://product.dangdang.com/24165540.html,敢为天下先：中建三局50年发展解码,¥25.80,长江文艺出版社,2017-01-01,100%推荐,王宏甲 许名波 著,312
149414条评论,http://product.dangdang.com/24017630.html,丝绸之路：一部全新的世界史（关心一带一路，必读丝绸之路）,¥117.80,浙江大学出版社,2016-08-17,99.9%推荐,[英]彼得·弗兰科潘 (Peter Frankopan)  著；邵旭东，孙芳 译；徐文堪 审校；读客文化 出品,313
79322条评论,http://product.dangdang.com/23809865.html,第一次自己睡觉,¥16.40,北京联合出版公司,2015-09-01,100%推荐,文：（日）季巳明代 著  图：（日）长谷川香子 绘,314
421985条评论,http://product.dangdang.com/23483032.html,我爸爸+我妈妈（全2册）,¥48.60,,2014-05-01,99.9%推荐,〔英〕安东尼·布朗,315
103054条评论,http://product.dangdang.com/21077836.html,国富论(上下),¥42.70,译林出版社,2011-04-01,100%推荐,（英）斯密 著，郭大力 王亚南 译,316
279377条评论,http://product.dangdang.com/9231298.html,全球通史:从史前史到21世纪（第7版修订版上下册，当当独家赠送全,¥59.60,北京大学出版社,2006-10-01,100%推荐,（美）斯塔夫里阿诺斯  著，吴象婴  等译,317
27441条评论,http://product.dangdang.com/26438211.html,笑猫日记-属猫的人,¥10.00,明天出版社,2019-01-01,100%推荐,杨红樱 著,318
107313条评论,http://product.dangdang.com/25165048.html,去旅行系列（全2册）法国教育部推荐！深度知识体系的人文地理百科,¥108.00,广西科学技术出版社,2017-09-01,100%推荐,法] 阿梅莉·卡斯唐（法）纳塔莉·佩泰斯 著,319
86987条评论,http://product.dangdang.com/25083136.html,学会管自己幼儿版-歪歪兔自控力教育系列绘本,¥39.60,海豚出版社,2017-06-01,99.9%推荐,歪歪兔关键期早教项目组著绘,320
90207条评论,http://product.dangdang.com/25067286.html,父与子全集(郑渊洁推荐版《父与子》，亲子同读必备经典！幸福的人,¥32.70,浙江文艺出版社,2017-05-10,100%推荐,卜劳恩 绘，大星文化 出品，作家榜经典文库,321
4493条评论,http://product.dangdang.com/23858861.html,数学小达人：生动的几何,¥118.50,浙江教育出版社,2015-11-01,100%推荐,文/（韩）洪秀京等；图/（韩）黄恩美等,322
97287条评论,http://product.dangdang.com/23497054.html,"一百个人的十年-""文革""已经过去，它对众多人的生活产生了深刻的影",¥35.40,文化艺术出版社,2014-06-01,99.9%推荐,冯骥才,323
17555条评论,http://product.dangdang.com/25203037.html,局外人·鼠疫（局外人又译为“异乡人”。著名翻译家李玉民翻译，,¥21.80,时代文艺出版社,2018-01-01,100%推荐,﹝法﹞阿尔贝·加缪（著），李玉民（译）,324
228932条评论,http://product.dangdang.com/23630257.html,笠翁对韵 中华经典儿童启蒙  注音+注释+典故 每日诵读十分钟 打好,¥12.00,中国文史出版社,2015-01-01,99.9%推荐,(清) 李渔 著，高高国际 出品,325
30895条评论,http://product.dangdang.com/26515681.html,我喜欢你，像风走了八千里,¥27.40,中国友谊出版公司,2019-03-01,100%推荐,末那大叔,326
14040条评论,http://product.dangdang.com/26488700.html,小鸡球球成长绘本系列：新3册,¥35.70,上海文化出版社,2019-02-01,100%推荐,[日]入山智 著/绘；崔维燕 译；心喜阅童书 出品,327
6476条评论,http://product.dangdang.com/25580397.html,注定一战：中美能避免修昔底德陷阱吗？  中美贸易战必读！,¥73.90,上海人民出版社,2019-01-01,99.8%推荐,[美] 格雷厄姆·艾利森 著，陈定定 傅强 译,328
144773条评论,http://product.dangdang.com/24012161.html,神奇校车·手工益智版（全8册）,¥60.00,贵州人民出版社,2016-07-13,100%推荐,（美）乔安娜·柯尔  文，（美）布鲁斯·迪根  图；,329
174841条评论,http://product.dangdang.com/23415182.html,不用说，孩子就会听——歪歪兔逆反期教育系列图画书（全8册）,¥33.70,海豚出版社,2014-03-01,99.8%推荐,歪歪兔关键期早教项目组　编绘,330
372045条评论,http://product.dangdang.com/25263044.html,复旦名师陈果：好的爱情（陈果的爱情哲学课，用哲学的方式告诉你,¥33.20,人民日报出版社,2018-04-22,100%推荐,陈果　著；读客文化 出品,331
241858条评论,http://product.dangdang.com/24194575.html,在教室说错了没关系,¥18.00,青岛出版社,2017-02-01,99.9%推荐,著 （日）莳田晋至，译 吴佳芬，绘 （日）长谷川知子,332
147374条评论,http://product.dangdang.com/24167579.html,圣女的救济（东野圭吾经典长篇小说）,¥33.70,南海出版公司,2017-01-01,100%推荐,东野圭吾 著，新经典 出品,333
68523条评论,http://product.dangdang.com/23651050.html,城南旧事,¥20.70,北京联合出版公司,2015-02-01,99.9%推荐,林海音　著,334
103941条评论,http://product.dangdang.com/23472978.html,数学原来可以这样学（畅销日本300万册，小学生家长必备。让孩子爱,¥21.80,湖南人民出版社,2014-06-01,100%推荐,野口哲典 著，博集天卷 出品,335
9778条评论,http://product.dangdang.com/25296515.html,列奥纳多·达·芬奇传：从凡人到天才的创造力密码（樊登读书推荐,¥60.40,中信出版社,2018-07-20,99.9%推荐,沃尔特·艾萨克森(Walter Isaacson),336
14098条评论,http://product.dangdang.com/25272508.html,习近平新时代中国特色社会主义思想三十讲（标准版）（2018中国好,¥20.00,学习出版社,2018-05-01,100%推荐,,337
79828条评论,http://product.dangdang.com/25261325.html,米小圈上学记三年级、四年级（套装共8册）,¥100.00,四川少儿出版社,2018-04-01,100%推荐,北猫,338
13405条评论,http://product.dangdang.com/24516880.html,黄金时代（手稿珍藏版）,¥21.00,北京十月文艺出版社,2017-04-01,99.9%推荐,王小波 著，新经典 出品,339
266896条评论,http://product.dangdang.com/24215745.html,如何阅读一本书,¥29.90,商务印书馆,2004-01-01,100%推荐,[美]莫提默·J.艾德勒  查尔斯·范多伦 著，郝明义 朱衣 译,340
97212条评论,http://product.dangdang.com/24136325.html,一辈子很长，要和有趣的人在一起,¥31.00,江苏文艺出版社,2017-01-01,100%推荐,慕容素衣 著 时代华语 出品,341
59840条评论,http://product.dangdang.com/23288237.html,三毛流浪记全集（彩图注释版）,¥75.00,少年儿童出版社,2013-06-01,99.9%推荐,张乐平 原作，上海三毛形象发展有限公司　编,342
69335条评论,http://product.dangdang.com/25282343.html,习近平用典 第一辑     团购电话：4001066666转6,¥29.70,人民日报出版社,2018-05-28,100%推荐,人民日报评论部,343
120249条评论,http://product.dangdang.com/25259950.html,小狗钱钱套装（全2册）青春有你吴泽林推荐！一个童话般的理财故事,¥38.00,四川少儿出版社,2018-04-01,100%推荐,（德）博多·舍费尔,344
15283条评论,http://product.dangdang.com/20839990.html,狼道 （第二版）,¥22.30,经济管理出版社,2010-07-01,99.7%推荐,罗宇  编著,345
47221条评论,http://product.dangdang.com/25189353.html,可复制的领导力：樊登的9堂商业课（团购，请致电400-106-6666转6,¥48.00,中信出版社,2017-12-01,100%推荐,樊登,346
212181条评论,http://product.dangdang.com/25105726.html,后来时间都与你有关（韩寒 何炅 谢娜 吴昕 戚薇 阚清子等明星推荐,¥39.00,天津人民出版社,2017-07-01,99.9%推荐,张皓宸，果麦文化 出品,347
205631条评论,http://product.dangdang.com/23509394.html,是谁嗯嗯在我的头上,¥17.90,河北教育出版社,2007-04-01,100%推荐,文：〔德〕维尔纳霍尔茨瓦特（WernerHolzwarth）　著，方素珍　译,348
64384条评论,http://product.dangdang.com/26456952.html,夏摩山谷（文艺女神袁泉推荐！庆山2019重磅长篇。充满泪水与光亮,¥55.10,江苏凤凰文艺出版社,2019-01-01,99.9%推荐,庆山（安妮宝贝），果麦文化 出品,349
20939条评论,http://product.dangdang.com/25278841.html,谁杀了她（2018精装版）,¥29.70,北京十月文艺出版社,2018-06-01,100%推荐,（日）东野圭吾 著，新经典 出品,350
27977条评论,http://product.dangdang.com/25198988.html,北野武的小酒馆,¥42.70,新星出版社,2017-12-01,100%推荐,北野武著 姜向明译,351
238701条评论,http://product.dangdang.com/25186558.html,少有人走的路：心智成熟的旅程 （白金升级版）,¥21.00,中华工商联合出版社,2017-12-01,100%推荐,斯科特·派克,352
565373条评论,http://product.dangdang.com/25160666.html,人性的弱点大全集（人性的弱点+人性的优点）（薛之谦推荐。20世纪,¥51.00,天津人民出版社,2017-08-01,100%推荐,戴尔·卡耐基，果麦文化 出品,353
84782条评论,http://product.dangdang.com/25070228.html,关键对话：如何高效能沟通（原书第2版）（珍藏版） 团购电话:400,¥42.70,机械工业出版社,2017-05-05,100%推荐,[美] 科里·帕特森、毕崇毅 译,354
25641条评论,http://product.dangdang.com/26514792.html,林徽因传：人生从来都靠自己成全,¥46.40,河北人民出版社,2019-01-31,100%推荐,,355
35946条评论,http://product.dangdang.com/25182679.html,儿童教育心理学,¥24.70,中华工商联合出版社,2017-11-01,99.9%推荐,【奥地利】阿德勒 著,356
46527条评论,http://product.dangdang.com/24008167.html,皮皮鲁和鲁西西流星系列（包含驯兔记等共9册）,¥76.30,浙江少年儿童出版社,2016-06-01,99.9%推荐,郑渊洁,357
12527条评论,http://product.dangdang.com/23691198.html,孙子兵法--中华经典藏书（平装）,¥26.30,吉林美术出版社,2015-03-01,99.9%推荐,（春秋）孙武 著 ; 刘智 译注,358
133835条评论,http://product.dangdang.com/20093876.html,为你自己读书,¥11.65,中国华侨,2007-12-01,99.6%推荐,肖卫 编著,359
203004条评论,http://product.dangdang.com/25230922.html,猜猜我是谁系列套装（全4册）,¥45.00,北京联合出版公司,2014-11-01,100%推荐,（美）尼娜兰登　　著，张芳　译,360
65063条评论,http://product.dangdang.com/24186262.html,小学生必背文言文 学生版 教育部（语文课程标准）指定篇目,¥14.50,中国少年儿童出版社,2017-02-01,99.9%推荐,张瑞征,361
55577条评论,http://product.dangdang.com/23981714.html,菊与刀（畅销全球70年，销售逾3000万册，亲切易懂的日本国民性格,¥29.80,浙江文艺出版社,2016-06-30,100%推荐,（美）鲁思·本尼迪克特，果麦文化 出品,362
77341条评论,http://product.dangdang.com/23601404.html,祈祷落幕时,¥23.70,南海出版公司,2015-01-01,99.9%推荐,东野圭吾 著，新经典 出品,363
119680条评论,http://product.dangdang.com/23455227.html,中国大历史（黄仁宇大历史观代表作）,¥26.60,生活.读书.新知三联书店,2014-05-01,100%推荐,黄仁宇,364
276771条评论,http://product.dangdang.com/23417701.html,0-4岁幼儿认知小百科（全3册),¥59.70,长江少年儿童出版社,2014-02-01,99.9%推荐,[日]吉田纯子 绘，海豚传媒，心喜阅童书 出品,365
6339条评论,http://product.dangdang.com/26921906.html,绘本花园：等爸爸回家（精）,¥27.50,长江少年儿童出版社,2019-04-01,100%推荐,乔安妮·施瓦兹　著，西德尼·史密斯　绘,366
90973条评论,http://product.dangdang.com/25206681.html,东野圭吾：假面山庄（东野圭吾烧脑长篇）,¥35.50,北京十月文艺出版社,2018-01-01,99.9%推荐,〔日〕东野圭吾 著，新经典 出品,367
115303条评论,http://product.dangdang.com/25069495.html,可爱的鼠小弟（1-22）,¥193.00,南海出版公司,2013-08-01,100%推荐,[日] 中江嘉男 文  [日]上野纪子 图， 爱心树童书  出品,368
357180条评论,http://product.dangdang.com/23741458.html,阿弥陀佛么么哒（大冰作品！畅销300万册）,¥36.10,湖南文艺出版社,2015-08-01,99.9%推荐,大冰 著，博集天卷 出品,369
327615条评论,http://product.dangdang.com/23521768.html,学会管自己（歪歪兔独立成长童话）,¥57.60,海豚出版社,2014-08-01,99.9%推荐,陈梦敏著，张文绮图,370
222581条评论,http://product.dangdang.com/22818816.html,这样跟孩子定规矩，孩子最不会抵触,¥21.20,北京联合出版公司,2012-08-01,99.8%推荐,(美)乔治·M·卡帕卡 著；读客文化 出品,371
181021条评论,http://product.dangdang.com/21054899.html,阿凡提经典故事系列丛书（全4册）,¥33.00,新疆青少年出版社,2011-04-01,99.9%推荐,艾克拜尔?吾拉木、赵世杰编著,372
50542条评论,http://product.dangdang.com/25089012.html,幼小衔接 欢迎来到一年级：幼小衔接家长手册（2017年度大众喜爱的,¥42.80,化学工业出版社,2017-06-01,100%推荐,卓立 著,373
852条评论,http://product.dangdang.com/26909871.html,学霸笔记：美国少年学霸超级笔记(全2册）,¥98.00,接力出版社,2019-03-01,100%推荐,"美国沃克曼出版公司 编著, 李巍 郭凯 译",374
5022条评论,http://product.dangdang.com/25537008.html,不可不知的人体,¥29.50,长江少年儿童出版社,2018-11-12,100%推荐,[英]约翰·范登／著；[英]蒂姆·哈钦森／绘；曹雪春／译；海豚传媒 出品,375
279523条评论,http://product.dangdang.com/25234508.html,信谊世界精选图画书·好饿的毛毛虫,¥41.20,明天出版社,2008-04-01,100%推荐,:(美) 卡尔,376
68937条评论,http://product.dangdang.com/25178748.html,少年读西游记（套装全3册）,¥44.70,青岛出版社,2017-10-20,100%推荐,张嘉骅,377
83360条评论,http://product.dangdang.com/24185602.html,杀死一只知更鸟（精装）,¥28.80,译林出版社,2017-02-01,100%推荐,哈珀·李　著,378
48415条评论,http://product.dangdang.com/23892568.html,美国金宝贝早教婴幼儿游戏(0-3岁),¥71.10,北京科学技术出版社,2016-01-01,99.9%推荐,〔美〕温蒂玛斯、〔美〕罗尼科恩莱德曼 主编，  栾晓森、史凯 译,379
153673条评论,http://product.dangdang.com/23828561.html,瓦尔登湖（瓦尔登湖畔，不只是身体的栖息之所，更是精神的沉思之,¥20.50,作家出版社,2015-12-01,99.8%推荐,（美）亨利戴维梭罗,380
69008条评论,http://product.dangdang.com/23767914.html,你好，旧时光（六周年珍藏版，套装全三册）,¥47.30,长江文艺出版社,2015-10-01,99.8%推荐,八月长安,381
45167条评论,http://product.dangdang.com/22634922.html,卡尔维诺经典：看不见的城市（精装）,¥19.70,译林出版社,2012-04-01,99.8%推荐,（意）伊塔洛·卡尔维诺  著，张密  译,382
156087条评论,http://product.dangdang.com/9224823.html,家常菜精选1288例：现代人（中餐厅店长赵薇也在看的菜谱书。畅销,¥23.90,中国轻工业出版社,2007-01-01,99%推荐,,383
8576条评论,http://product.dangdang.com/25306110.html,给忙碌者的天体物理学,¥43.80,北京联合出版有限公司,2018-07-01,99.9%推荐,(美) 尼尔·德格拉斯·泰森，未读 出品,384
126687条评论,http://product.dangdang.com/24104216.html,男孩的冒险书（少儿绘图版，全三册）,¥99.00,广西科学技术出版社,2016-11-01,99.9%推荐,【英】康恩·伊古尔登，【英】哈尔·伊古尔登,385
2647条评论,http://product.dangdang.com/26492243.html,王阳明传：知行合一的心学圣人,¥45.10,中国友谊出版公司,2019-02-28,99.8%推荐,燕山刀客 著,386
18561条评论,http://product.dangdang.com/26289074.html,法医秦明：天谴者 （法医秦明系列全新力作）,¥40.80,江苏凤凰文艺出版社,2018-12-05,100%推荐,法医秦明 著，磨铁图书 出品,387
132941条评论,http://product.dangdang.com/25261326.html,米小圈上学记四年级（套装共4册）,¥50.00,四川少儿出版社,2018-04-01,100%推荐,北猫,388
68381条评论,http://product.dangdang.com/25259304.html,我这么自律，就是为了不平庸至死（500册亲笔签名本随机发）,¥30.00,北京联合出版有限公司,2018-04-09,99.9%推荐,怀左同学,389
46054条评论,http://product.dangdang.com/26918947.html,国家宝藏礼盒版   附故宫千里江山图艺术桌垫 兰亭序描红宣纸字帖,¥69.80,四川人民出版社,2019-04-01,100%推荐,佟洵   王云松,390
326479条评论,http://product.dangdang.com/25171016.html,培生幼儿英语：预备级（升级版）,¥59.00,湖北少儿出版社,2017-11-01,100%推荐,培生集团，海豚传媒 出品,391
14874条评论,http://product.dangdang.com/24189086.html,哈佛家训全集（Ⅰ Ⅱ Ⅲ Ⅳ ⅤⅥ 全六册）[精选套装],¥143.10,中国妇女出版社,2017-03-01,99.9%推荐,（美）贝纳德 编著,392
84901条评论,http://product.dangdang.com/23761148.html,百万英镑（马克·吐温经典作品集，“马克·吐温”翻译权威张友松,¥21.00,作家出版社,2015-08-01,100%推荐,（美）马克·吐温　著，张友松　译,393
3281条评论,http://product.dangdang.com/23292260.html,永远的杨唤（全6册）,¥59.90,河北少年儿童出版社,2013-08-01,99.7%推荐,杨唤,394
165665条评论,http://product.dangdang.com/25338700.html,怀孕圣经（全新升级修订版）,¥55.90,山东科学技术出版社,2018-07-25,100%推荐,著 Anne Deans，译 李振华,395
187917条评论,http://product.dangdang.com/25252459.html,半小时漫画世界史（看半小时漫画，通五千年历史！其实是一本严谨,¥35.10,江苏凤凰文艺出版社,2018-04-20,100%推荐,陈磊（笔名：二混子） 著；读客文化 出品,396
76622条评论,http://product.dangdang.com/25187947.html,傅雷家书（部编本语文教材八年级下册推荐阅读）,¥23.30,北岳文艺出版社,2017-09-01,100%推荐,傅雷 著，麦书房出品，有容书邦 发行,397
149003条评论,http://product.dangdang.com/24028342.html,影响力（经典版）（新版）（团购，请致电400-106-6666转6）,¥33.00,北京联合出版公司,2016-09-01,99.9%推荐,（美）罗伯特·B.西奥迪尼（Robert B.Cialdini）,398
314820条评论,http://product.dangdang.com/24005779.html,好吗好的（大冰作品！畅销250万册）,¥37.00,湖南文艺出版社,2016-08-01,99.8%推荐,大冰 著，博集天卷 出品,399
11672条评论,http://product.dangdang.com/25263381.html,幻夜,¥35.80,南海出版公司,2018-05-10,100%推荐,（日）东野圭吾,400
132297条评论,http://product.dangdang.com/25261324.html,米小圈上学记三年级（套装共4册）,¥50.00,四川少儿出版社,2018-04-01,100%推荐,北猫,401
30034条评论,http://product.dangdang.com/25084928.html,一玩再玩·宝宝好习惯玩具书（套装共4册）,¥60.00,北京联合出版公司,2017-06-01,99.9%推荐,和田琴美 文，市原淳 图，孩子国 文，三水，冰糖 图,402
64080条评论,http://product.dangdang.com/24022947.html,无人生还（精装纪念版）,¥33.20,新星出版社,2016-08-01,99.9%推荐,（英）阿加莎?克里斯蒂著，夏阳译,403
125584条评论,http://product.dangdang.com/23774097.html,当我谈跑步时，我谈些什么（2015典藏版）,¥28.40,南海出版公司,2015-10-01,100%推荐,〔日〕村上春树 著  著，施小炜 译，新经典 出品,404
54273条评论,http://product.dangdang.com/23620944.html,朝花夕拾（七年级上册必读，语文新课标必读丛书，央视朗读者节目,¥24.50,天津人民出版社,2015-01-01,99.9%推荐,鲁迅，果麦文化 出品,405
272219条评论,http://product.dangdang.com/23323691.html,曹文轩文集典藏版（全7册）,¥84.00,天天出版社有限责任公司,2013-09-01,99.9%推荐,曹文轩   著,406
53986条评论,http://product.dangdang.com/22857287.html,毛泽东诗词鉴赏(手迹出处权威，可以作为语言表达之外具象化的补充,¥29.50,上海三联书店,2012-08-01,99.8%推荐,田秉锷编著,407
161120条评论,http://product.dangdang.com/22453424.html,上帝掷骰子吗？量子物理史话（科学性和故事性的完美结合，具有超,¥31.30,北京联合出版公司,2011-04-01,100%推荐,曹天元　著，磨铁图书 出品,408
63692条评论,http://product.dangdang.com/24136647.html,大卫不可以+大卫上学去+大卫惹麻烦+圣诞节到了（大卫系列全4册）,¥67.60,北京联合出版公司,2014-12-01,100%推荐,〔美〕大卫·香农David Shannon 文/图,409
93111条评论,http://product.dangdang.com/25061586.html,汤姆·索亚历险记（新课标全译本，万条读者五星好评，北大著名翻,¥14.80,浙江工商大学出版社,2017-04-01,100%推荐,〔美〕马克·吐温 著 张友松 译,410
306条评论,http://product.dangdang.com/25581665.html,尤斯伯恩玩具书·奇妙发声书·农场里边谁在吵,¥66.80,接力出版社,2019-01-01,99.7%推荐,英国尤斯伯恩出版公司,411
30755条评论,http://product.dangdang.com/25572546.html,宫西达也精选绘本（数学绘本+超人绘本+暖心绘本！第2辑，全5册）,¥44.00,青岛出版社,2018-10-26,100%推荐,（日）宫西达也 著，米雅　译,412
22160条评论,http://product.dangdang.com/25298091.html,大冰“江湖故事”系列 大冰作品全集5册,¥181.60,湖南文艺出版社,2018-06-27,99.9%推荐,"大冰 著,博集天卷 出品",413
72139条评论,http://product.dangdang.com/25274589.html,习近平用典.第二辑 团购电话4001066666转6,¥29.40,人民日报出版社,2018-05-15,100%推荐,人民日报评论部,414
55364条评论,http://product.dangdang.com/25214219.html,原声触摸发声书：听，什么声音（套装全6册）,¥141.00,中国环境出版社,2016-09-01,99.9%推荐,"YOYO出版社 著绘,步步联盟 译",415
25226条评论,http://product.dangdang.com/25204017.html,可怕的两岁,¥42.00,北京科学技术出版社,2017-12-01,100%推荐,[美]约翰·罗斯蒙德(John Rosemond) 著,416
83239条评论,http://product.dangdang.com/24156030.html,长安十二时辰（上下册）,¥75.50,湖南文艺出版社,2016-11-21,99.9%推荐,马伯庸,417
132755条评论,http://product.dangdang.com/23808814.html,鬼吹灯全集（ 套装共8册）,¥96.80,青岛出版社,2016-01-01,99.8%推荐,天下霸唱　著,418
175388条评论,http://product.dangdang.com/25236261.html,《孩子，把你的手给我》(2018年最新修订版),¥26.90,北京联合出版有限公司,2018-02-01,100%推荐,[美] 海姆·G.吉诺特 著；张雪兰 译,419
20231条评论,http://product.dangdang.com/25157989.html,了凡四训（“我命由我不由天”，曾国藩子孙必读的“人生智慧书”,¥27.20,三秦出版社,2017-09-01,99.9%推荐,袁了凡 著，译者 费勇，果麦文化 出品,420
210069条评论,http://product.dangdang.com/25110008.html,罗尔德·达尔作品典藏 查理和巧克力工厂,¥11.00,明天出版社,2017-05-23,100%推荐,罗尔德·达尔,421
35754条评论,http://product.dangdang.com/26489787.html,东野圭吾：沉睡的森林,¥29.70,南海出版公司,2019-03-01,100%推荐,（日）东野圭吾  著， 新经典  出品,422
2188条评论,http://product.dangdang.com/25580786.html,李清照：人生不过一场绚烂花事（附赠《李清照词精选》）,¥59.80,哈尔滨出版社,2018-09-01,99.4%推荐,卫淇,423
23342条评论,http://product.dangdang.com/25068051.html,红楼梦（全二册）（无障碍阅读无删节“原貌红楼梦”，脂本精校，,¥74.80,三秦出版社,2017-05-01,99.9%推荐,曹雪芹，果麦文化 出品,424
4507条评论,http://product.dangdang.com/24566793.html,球状闪电（典藏版）,¥17.80,四川科技出版社,2014-07-01,99.9%推荐,刘慈欣,425
97002条评论,http://product.dangdang.com/23997756.html,我的专注力训练游戏（全3册）,¥29.70,化学工业出版社,2016-07-01,100%推荐,[日]efuca.伊藤由香 著  胡静 译,426
157932条评论,http://product.dangdang.com/23466258.html,郑渊洁给孙女的好习惯书：十二生肖童话绘本,¥67.50,天津人民出版社,2014-05-01,99.8%推荐,郑渊洁 著,427
98250条评论,http://product.dangdang.com/25546179.html,人类简史三部曲： 人类简史+今日简史+未来简史,¥199.90,中信出版社,2018-11-01,100%推荐,尤瓦尔·赫拉利,428
17963条评论,http://product.dangdang.com/25480177.html,活好 我这样活到105岁,¥40.10,人民邮电出版社,2018-10-01,99.9%推荐,[日]日野原重明,429
9331条评论,http://product.dangdang.com/25282638.html,妈妈，他们欺负我-帮孩子解决社交难题,¥36.00,中信出版社,2018-07-01,100%推荐,（美）汤普森 科恩 凯瑟琳著，游戏力翻译组译,430
90716条评论,http://product.dangdang.com/25126136.html,骆驼祥子（新课标）老舍经典小说，更适合青少年阅读的佳本,¥13.20,浙江工商大学出版社,2017-08-01,100%推荐,老舍 著,431
362573条评论,http://product.dangdang.com/25106955.html,三毛流浪记（彩图注音读物）,¥19.00,少年儿童出版社,2017-06-01,100%推荐,张乐平   著,432
86388条评论,http://product.dangdang.com/24159864.html,史记（新课标）,¥13.20,浙江教育出版社,2017-01-01,99.9%推荐,[西汉]司马迁 著  张燕均，富强 改编,433
21784条评论,http://product.dangdang.com/26445780.html,孩子受益一生的思维力 孩子用的思维导图,¥38.80,古吴轩出版社,2019-01-20,100%推荐,杨瑜君 万玲 著  文通天下 出品,434
2944条评论,http://product.dangdang.com/25578757.html,天气预报说明天有你（《你和我的倾城时光》陈铮饰演者孟瑞全新诚,¥49.80,百花洲文艺出版社,2018-11-01,100%推荐,孟瑞，白马时光 出品,435
5975条评论,http://product.dangdang.com/25352801.html,北京法源寺（李敖作品大师珍藏版）【当当全国独家】,¥35.00,台海出版社,2018-11-01,99.9%推荐,李敖,436
32726条评论,http://product.dangdang.com/25273781.html,中国传统节日故事（全8册）,¥84.00,贵州人民出版社,2018-06-29,100%推荐,林良、管家琪等∕文 洪义男、曹俊彦等∕文,437
24466条评论,http://product.dangdang.com/25098168.html,红帽子艾米莉（共24册） 法国经典畅销绘本，助孩子轻松解决成长问,¥70.20,辽宁少年儿童出版社,2017-07-01,99.9%推荐,(法) 多米蒂耶·德普雷桑塞  著绘，邢培健  译,438
78129条评论,http://product.dangdang.com/24166592.html,李清照传：半生烟雨，半世落花,¥18.00,人民交通出版社,2016-12-01,99.9%推荐,随园散人著，交通社出品，有容书邦  发行,439
80269条评论,http://product.dangdang.com/23687866.html,见识城邦·娱乐至死,¥37.20,中信出版社,2015-05-01,100%推荐,（美）波兹曼　著，章艳　译,440
113676条评论,http://product.dangdang.com/102772.html,三国演义（上 下 ）（全二册）（1-9年级必读书单）,¥39.50,人民文学出版社,2010-09-01,99.8%推荐,罗贯中,441
2070条评论,http://product.dangdang.com/26918905.html,汗青堂丛书024·棉花帝国：一部资本主义全球史,¥85.00,民主与建设出版社,2019-03-01,100%推荐,著者：［美］斯文·贝克特 ，译者：徐轶杰、杨燕   后浪,442
10008条评论,http://product.dangdang.com/25267185.html,俗世奇人（足本）（“教育部统编《语文》推荐阅读丛书”）,¥24.60,人民文学出版社,2018-04-01,100%推荐,冯骥才,443
58540条评论,http://product.dangdang.com/25160767.html,在细雨中呼喊（新版）,¥33.00,作家出版社,2017-09-12,100%推荐,余华,444
15720条评论,http://product.dangdang.com/25160409.html,父母的语言：3000万词汇塑造更强大的学习型大脑（樊登推荐） 团购,¥38.70,机械工业出版社,2017-09-05,99.9%推荐,[美]达娜·萨斯金德，MD贝丝·萨斯金德（Beth Suskind）莱斯利·勒万特-萨斯金德、任忆译,445
61224条评论,http://product.dangdang.com/23816437.html,小王子（作者诞辰115周年双语珍藏版）,¥19.40,中国华侨出版社,2015-11-01,99.7%推荐,(法) 圣埃克苏佩里著 ; 罗成译.,446
17891条评论,http://product.dangdang.com/26922130.html,医目了然：家庭常见病中成药使用指南,¥42.83,科学技术文献出版社,2019-04-01,100%推荐,懒兔子,447
30538条评论,http://product.dangdang.com/26487439.html,妙想科学（全12册）,¥84.00,贵州人民出版社,2018-09-01,100%推荐,(美) 罗伯特·E·韦尔斯 著 ; 于姝 静博 译,448
17452条评论,http://product.dangdang.com/26440139.html,时间的礼物（是一分一秒的陪伴，累积成我们不可替代的情感。暖心,¥34.20,天津人民出版社,2018-12-01,99.9%推荐,[瑞典]弗雷德里克·巴克曼，译者：孙璐， 果麦文化 出品,449
96条评论,http://product.dangdang.com/26437024.html,性格与投资——构建自我驱动的投资组合,¥42.70,中国经济出版社,2018-12-01,100%推荐,潘添礼（新加坡） 著,450
10551条评论,http://product.dangdang.com/26436694.html,女性养生三步走：疏肝，养血，心要修,¥45.60,北京联合出版有限公司,2019-01-20,100%推荐,罗大伦,451
63076条评论,http://product.dangdang.com/25215597.html,了不起的盖茨比（我抹掉过去，只为了让爱重来！2018全新译本，诗,¥21.80,时代文艺出版社,2018-01-15,100%推荐,(美) F.S.菲兹杰拉德著，张炽恒译,452
43662条评论,http://product.dangdang.com/25125912.html,舒克贝塔传（全10册）,¥98.60,浙江少年儿童出版社,2017-08-01,100%推荐,郑渊洁,453
360359条评论,http://product.dangdang.com/23415029.html,余秋雨 文化苦旅（1-9年级必读书单）,¥36.10,长江文艺出版社,2014-03-01,99.8%推荐,余秋雨 著 时代华语 出品,454
8613条评论,http://product.dangdang.com/25283120.html,乡土中国(著名社会学家费孝通传世经典，研究中国乡土社会，传统文,¥19.60,华东师范大学出版社,2018-06-01,99.9%推荐,费孝通,455
58678条评论,http://product.dangdang.com/25265074.html,小鸡鸡的故事+乳房的故事（全2册，性教育套装2018版）,¥36.00,连环画出版社,2018-04-11,100%推荐,文 山本直英，绘 佐藤真纪子，译 蒲蒲兰,456
55194条评论,http://product.dangdang.com/25246372.html,清单人生（霍思燕推荐。巴克曼继《外婆的道歉信》新作。人生有一,¥41.20,天津人民出版社,2018-04-01,100%推荐,[瑞典]弗雷德里克·巴克曼，译者 孙璐，果麦文化 出品,457
44147条评论,http://product.dangdang.com/25193296.html,居里夫人传（初中语文课外阅读经典读本 教育部推荐中小学生新课标,¥17.40,团结出版社,2018-01-01,100%推荐,（法）玛丽.居里  著,458
25548条评论,http://product.dangdang.com/25171167.html,海子的诗（娄烨、撒贝宁、白岩松、高晓松、俞敏洪、周云蓬推荐，,¥39.90,江西人民出版社,2017-09-01,99.9%推荐,海子，果麦文化 出品,459
24503条评论,http://product.dangdang.com/25349498.html,常与同好争高下，不与傻瓜论短长（老杨的猫头鹰2018年最新作品，,¥35.40,现代出版社,2018-10-01,100%推荐,老杨的猫头鹰,460
7779条评论,http://product.dangdang.com/25299285.html,掌控：开启不疲惫、不焦虑的人生,¥52.60,北京联合出版有限公司,2018-08-01,99.8%推荐,张展晖,461
67251条评论,http://product.dangdang.com/25220963.html,见识 吴军 首部认知升级类著作,¥48.00,中信出版社,2018-03-01,100%推荐,吴军,462
36867条评论,http://product.dangdang.com/23343515.html,失落的一代：中国的上山下乡运动1968-1980（增订版）,¥48.10,中国大百科全书出版社,2013-09-01,99.8%推荐,（法）潘鸣啸　著，欧阳因　译,463
158258条评论,http://product.dangdang.com/22781388.html,思考，快与慢,¥41.40,中信出版社,2012-07-01,99.7%推荐,(美)丹尼尔卡尼曼,464
216907条评论,http://product.dangdang.com/8760675.html,心理学与生活（第16版，中文版）,¥56.40,人民邮电出版社,2003-10-01,99.6%推荐,(美)理查德.格里格,465
28925条评论,http://product.dangdang.com/25215595.html,人类群星闪耀时（《一个陌生女人的来信》作者茨威格的传记杰作，,¥21.30,时代文艺出版社,2018-01-15,100%推荐,〔奥〕斯蒂芬·茨威格 著，潘子力 高中甫 译,466
34518条评论,http://product.dangdang.com/25204889.html,硅谷工程师爸爸的超强思维训练课,¥34.20,中国妇女出版社,2018-01-01,100%推荐,憨爸,467
301382条评论,http://product.dangdang.com/23926322.html,所有失去的都会以另一种方式归来 耿帅抖音同款（随书附赠限量珍藏,¥22.80,九州出版社,2016-06-01,99.9%推荐,耿帅 著 华文天下出品,468
56271条评论,http://product.dangdang.com/23920587.html,心理营养:林文采博士的亲子教育课,¥32.60,上海社会科学院出版社,2016-03-01,100%推荐,【马来西亚】林文采 伍娜 青豆书坊 出品,469
67964条评论,http://product.dangdang.com/23664384.html,捕捉儿童敏感期+爱和自由+完整的成长 珍藏版套装 （这是一套关于,¥76.70,中国妇女出版社,2015-04-01,99.9%推荐,孙瑞雪,470
107744条评论,http://product.dangdang.com/23574068.html,向前一步(珍藏版),¥48.00,中信出版社,2014-10-01,99.9%推荐,Sheryl Sandberg,471
2861条评论,http://product.dangdang.com/27850387.html,你的情商，决定你的人生高度：情商高的人，运气都不会太差！,¥35.60,中国友谊出版公司,2019-04-01,100%推荐,[日]心屋仁之助 著，斯坦威 出品,472
11248条评论,http://product.dangdang.com/26921907.html,中国人的生存规矩（著名历史学家吴晗深度剖析中国古人的博弈法则,¥17.60,四川人民出版社,2019-03-01,99.8%推荐,吴晗 著，紫云文心 出品,473
5637条评论,http://product.dangdang.com/25577824.html,当当独家定制 成语接龙小学生版·上下全二册  大字彩图注音版 成,¥31.10,湖南教育出版社,2018-11-01,100%推荐,开心教育研究中心,474
10718条评论,http://product.dangdang.com/25272806.html,暖萌科学绘本 奇妙的昆虫世界,¥17.00,北京联合出版有限公司,2018-06-01,100%推荐,姚云志,475
231772条评论,http://product.dangdang.com/24079906.html,宫西达也恐龙套装（你看起来好像很好吃+我是霸王龙等全7册）,¥81.90,２１世纪出版社,2016-11-01,100%推荐,宫西达也 文/图，杨文 晓晗 译,476
99947条评论,http://product.dangdang.com/23840740.html,社会心理学（第11版）,¥82.00,人民邮电出版社,2016-01-01,99.9%推荐,（美） 戴维·迈尔斯（David Myers）著，侯玉波，乐国安，张智勇 等译,477
64863条评论,http://product.dangdang.com/23798432.html,人生的智慧：如何才能幸福度过一生,¥25.30,湖南人民出版社,2015-11-20,100%推荐,（德）阿图尔·叔本华著，木云，林求是译，作家榜 出品,478
39205条评论,http://product.dangdang.com/22859328.html,洛克菲勒留给儿子的38封信,¥21.00,中华工商联合出版社,2012-10-01,99.8%推荐,（美）洛克菲勒　原著，张占磊　编译,479
49358条评论,http://product.dangdang.com/23531719.html,食事（精装典藏版！汪曾祺作品精选，关于美食与爱的散文作品！一,¥30.40,江苏人民出版社,2014-07-01,99.9%推荐,汪曾祺      凤凰含章  出品,480
3278条评论,http://product.dangdang.com/25548101.html,哈哈，是我呀（情商培养绘本，让孩子更加坦然、自信地面对生活中,¥27.80,黑龙江美术出版社,2018-01-01,99.8%推荐,绘（美）伊莎贝尔·蒂森塞尔  著（美）埃里克·德拉克曼译 李一慢,481
11413条评论,http://product.dangdang.com/25349784.html,老杨的猫头鹰“醒脑之书”系列：最怕你一生碌碌无为，还安慰+脱贫,¥140.00,现代出版社,2018-10-08,100%推荐,老杨的猫头鹰,482
49640条评论,http://product.dangdang.com/25264370.html,培养孩子从画画开始（套装全2册）（畅销数十年的划时代早教经典！,¥56.00,漓江出版社,2018-05-01,100%推荐,（日）鸟居昭美,483
68042条评论,http://product.dangdang.com/25181620.html,托马斯和朋友宝宝睡前故事（30册）,¥49.00,人民邮电出版社,2017-10-01,99.9%推荐,（英）HIT公司 著，童趣出版有限公司 编,484
64949条评论,http://product.dangdang.com/24242910.html,三毛全集05：梦里花落知多少,¥27.60,北京十月文艺出版社,2017-04-07,100%推荐,三毛 著，新经典 出品,485
24630条评论,http://product.dangdang.com/24166852.html,宝宝喜爱的睡前胎教故事：Honey，让爸爸的声音陪伴你,¥26.30,中国轻工业出版社,2017-01-01,99.9%推荐,菅波,486
76824条评论,http://product.dangdang.com/23980643.html,就喜欢你看不惯我 又干不掉我的样子2(霸气吾皇率蠢萌巴扎黑、伪深,¥39.60,长江文艺出版社,2016-07-01,99.9%推荐,白茶,487
76215条评论,http://product.dangdang.com/23964234.html,what if那些古怪又让人忧心的问题（珍藏版）,¥59.80,北京联合出版公司,2016-06-01,99.9%推荐,兰道尔·门罗，未读 出品,488
129831条评论,http://product.dangdang.com/22735819.html,曾国藩家书—中华经典藏书（平装）,¥22.40,中国画报出版社,2012-05-01,99.7%推荐,（清）曾国藩　著，张智　编译,489
259760条评论,http://product.dangdang.com/22472496.html,梦的解析（软精装珍藏本）,¥30.40,国际文化出版公司,2013-12-04,100%推荐,（奥）西格蒙德·弗洛伊德　著，孙名之　等译,490
4137条评论,http://product.dangdang.com/26919805.html,东野圭吾：侦探伽利略,¥29.70,南海出版公司,2019-04-01,99.9%推荐,（日）东野圭吾  著 ，新经典  出品,491
5639条评论,http://product.dangdang.com/25353128.html,NLP高效沟通,¥48.80,北方文艺出版社,2018-10-01,99.7%推荐,（日）山崎启支,492
13283条评论,http://product.dangdang.com/25311624.html,切尔诺贝利的祭祷,¥56.80,中信出版社,2018-08-15,100%推荐,（白俄罗斯）S.A.阿列克谢耶维奇,493
49449条评论,http://product.dangdang.com/25188359.html,习近平谈治国理政 第二卷 中文版平装本（100册以上团购请联系团购,¥64.00,外文出版社,2017-11-01,100%推荐,习近平,494
55277条评论,http://product.dangdang.com/24229885.html,希腊神话故事（新课标，奥林匹斯诸神与英雄们的神话传奇，了解西,¥14.40,浙江工商大学出版社,2017-03-01,99.9%推荐,"古斯塔夫·施瓦布, 译者 高中甫",495
129613条评论,http://product.dangdang.com/23993774.html,唐诗三百首 小学生 成长必读 绘本 注音版,¥27.60,北方妇女儿童出版社,2016-08-01,99.9%推荐,思睿 编著,496
102831条评论,http://product.dangdang.com/23713336.html,写给大家的西方美术史：蒋勋荣获金鼎奖经典之作,¥61.20,湖南美术出版社,2015-07-01,99.9%推荐,蒋勋 著，博集天卷 出品,497
44687条评论,http://product.dangdang.com/23463746.html,《教室里的正面管教》,¥25.20,北京联合出版公司,2014-05-01,100%推荐,(美)简·尼尔森  琳·洛特  斯蒂芬·格伦 著，梁帅 译,498
87872条评论,http://product.dangdang.com/23355941.html,把时间当作朋友（第3版）（全彩）,¥56.10,电子工业出版社,2013-10-01,99.8%推荐,李笑来,499
146069条评论,http://product.dangdang.com/22925934.html,成语大词典（彩色本）最新修订版 60000多名读者热评！团购电话40,¥70.70,商务印书馆国际有限公司,2013-01-01,99.9%推荐,<成语大词典>编委会,500
